text,label,merchant_family,split
MONTHLY RENT PAYMENT,Rent,rent_transfer,train
RENT ETRANSFER,Rent,rent_transfer,train
HOUSING RENT PAYMENT,Rent,rent_transfer,train
MAPLE PROPERTY MANAGEMENT,Rent,maple_property,train
MAPLE PROPERTY RENT,Rent,maple_property,train
MAPLE PMT ONLINE,Rent,maple_property,train
APARTMENT RENT,Rent,apartment_rent,train
APARTMENT LEASE PAYMENT,Rent,apartment_rent,train
MONTHLY APARTMENT PAYMENT,Rent,apartment_rent,train
LANDLORD PAYMENT,Rent,landlord_payment,train
LANDLORD ETRANSFER,Rent,landlord_payment,train
LEASE PAYMENT LANDLORD,Rent,landlord_payment,train
RESIDENCE PORTAL RENT,Rent,residence_portal,validation
RESIDENCE MONTHLY PAYMENT,Rent,residence_portal,validation
TENANT PORTAL PAYMENT,Rent,residence_portal,validation
CITY HOUSING CORPORATION,Rent,housing_corp,test
CITY HOUSING RENT,Rent,housing_corp,test
HOUSING CORP LEASE,Rent,housing_corp,test
UNIVERSITY OF TORONTO TUITION,Tuition,uoft,train
UOFT STUDENT ACCOUNT,Tuition,uoft,train
U OF T TUITION PAYMENT,Tuition,uoft,train
UNIVERSITY OF WATERLOO,Tuition,waterloo,train
WATERLOO TUITION,Tuition,waterloo,train
UW STUDENT FEES,Tuition,waterloo,train
YORK UNIVERSITY TUITION,Tuition,york,train
YORKU STUDENT ACCOUNT,Tuition,york,train
YORK UNIVERSITY FEES,Tuition,york,train
SENECA COLLEGE TUITION,Tuition,seneca,train
SENECA STUDENT FEES,Tuition,seneca,train
SENECA COLLEGE PAYMENT,Tuition,seneca,train
TORONTO METROPOLITAN UNIVERSITY,Tuition,tmu,validation
TMU TUITION PAYMENT,Tuition,tmu,validation
TMU STUDENT ACCOUNT,Tuition,tmu,validation
SHERIDAN COLLEGE TUITION,Tuition,sheridan,test
SHERIDAN STUDENT FEES,Tuition,sheridan,test
SHERIDAN COLLEGE PAYMENT,Tuition,sheridan,test
STARBUCKS,Food,starbucks,train
STARBUCKS COFFEE,Food,starbucks,train
STARBUCKS STORE,Food,starbucks,train
TIM HORTONS,Food,tim_hortons,train
TIM HORTONS RESTAURANT,Food,tim_hortons,train
TIMS COFFEE,Food,tim_hortons,train
LOBLAWS,Food,loblaws,train
LOBLAWS GROCERY,Food,loblaws,train
LOBLAWS SUPERMARKET,Food,loblaws,train
MCDONALDS,Food,mcdonalds,train
MCDONALDS RESTAURANT,Food,mcdonalds,train
MCDONALDS MOBILE ORDER,Food,mcdonalds,train
METRO GROCERY,Food,metro,validation
METRO SUPERMARKET,Food,metro,validation
METRO FOOD STORE,Food,metro,validation
CORNER CAFE,Food,local_cafe,test
LOCAL CAFE COFFEE,Food,local_cafe,test
NEIGHBOURHOOD CAFE,Food,local_cafe,test
UBER TRIP,Transport,uber,train
UBER CANADA,Transport,uber,train
UBER RIDE,Transport,uber,train
PRESTO FARE,Transport,presto,train
PRESTO TRANSIT,Transport,presto,train
PRESTO CARD LOAD,Transport,presto,train
SHELL GAS STATION,Transport,shell,train
SHELL FUEL,Transport,shell,train
SHELL SERVICE STATION,Transport,shell,train
GO TRANSIT,Transport,go_transit,train
GO TRAIN FARE,Transport,go_transit,train
METROLINX GO TRANSIT,Transport,go_transit,train
LYFT RIDE,Transport,lyft,validation
LYFT CANADA,Transport,lyft,validation
LYFT TRIP,Transport,lyft,validation
CITY PARKING,Transport,parking,test
MUNICIPAL PARKING,Transport,parking,test
PARKING METER,Transport,parking,test
SPOTIFY,Subscriptions,spotify,train
SPOTIFY PREMIUM,Subscriptions,spotify,train
SPOTIFY CANADA,Subscriptions,spotify,train
NETFLIX,Subscriptions,netflix,train
NETFLIX.COM,Subscriptions,netflix,train
NETFLIX MONTHLY,Subscriptions,netflix,train
APPLE.COM/BILL,Subscriptions,apple_bill,train
APPLE SERVICES,Subscriptions,apple_bill,train
APPLE MEDIA SERVICES,Subscriptions,apple_bill,train
ADOBE,Subscriptions,adobe,train
ADOBE CREATIVE CLOUD,Subscriptions,adobe,train
ADOBE SYSTEMS,Subscriptions,adobe,train
DISNEY PLUS,Subscriptions,disney,validation
DISNEYPLUS,Subscriptions,disney,validation
DISNEY STREAMING,Subscriptions,disney,validation
YOUTUBE PREMIUM,Subscriptions,youtube,test
YOUTUBE MEMBERSHIP,Subscriptions,youtube,test
GOOGLE YOUTUBE,Subscriptions,youtube,test
SHOPPERS DRUG MART,Other,shoppers_drug,train
SHOPPERS PHARMACY,Other,shoppers_drug,train
SHOPPERS RETAIL,Other,shoppers_drug,train
HOME DEPOT,Other,home_depot,train
HOME DEPOT CANADA,Other,home_depot,train
HOME HARDWARE PURCHASE,Other,home_depot,train
WINNERS,Other,winners,train
WINNERS HOMESENSE,Other,winners,train
WINNERS RETAIL,Other,winners,train
ROGERS COMMUNICATIONS,Other,rogers,train
ROGERS WIRELESS,Other,rogers,train
ROGERS INTERNET,Other,rogers,train
CINEPLEX,Other,cineplex,validation
CINEPLEX CINEMAS,Other,cineplex,validation
CINEPLEX MOVIE,Other,cineplex,validation
CITY DENTAL CLINIC,Other,dentist,test
DENTIST OFFICE,Other,dentist,test
DENTAL CARE PAYMENT,Other,dentist,test
UBER CANADA/UBER,Transport,uber,train
FANTUAN DELIVER,Food,fan_tuan,train
SPOTIFY P3 7.22_V,Subscriptions,spotify,train
UBERDIRECTCA_PA,Food,uber_direct,train
OBSIDIAN,Subscriptions,obsidian,train
FANDUEL CANADA,Other,fanduel,train
THE BEST SHOP,Other,best_shop,train
NEKO NAB,Other,neko_nab,train
INS MARKET #55,Other,ins_market,train
YEAH YEAH THAI,Food,yeah_yeah_thai,train
SEND E-TFR,Transfer,etransfer,train
E-TRANSFER ***AXS,Transfer,etransfer,train
E-TRANSFER ***AJK,Transfer,etransfer,train
SEND E-TFR ***UZQ,Transfer,etransfer,train
SEND E-TFR ***GTA,Transfer,etransfer,train
SEND E-TFR ***JHD,Transfer,etransfer,train
PAYPAL MSP,Transfer,paypal_transfer,train
PAYPAL MONEY SENT,Transfer,paypal_transfer,train
PAYPAL TRANSFER,Transfer,paypal_transfer,train
WIRE TRANSFER OUT,Transfer,wire_transfer,train
OUTGOING WIRE PAYMENT,Transfer,wire_transfer,train
BANK WIRE SENT,Transfer,wire_transfer,train
WISE MONEY TRANSFER,Transfer,wise_transfer,validation
WISE TRANSFER SENT,Transfer,wise_transfer,validation
WISE REMITTANCE,Transfer,wise_transfer,validation
WESTERN UNION,Transfer,western_union,test
WESTERN UNION TRANSFER,Transfer,western_union,test
WESTERN UNION MONEY SEND,Transfer,western_union,test
OLDNAVY.COM,Clothes,old_navy,train
OLD NAVY STORE,Clothes,old_navy,train
OLD NAVY ONLINE,Clothes,old_navy,train
UNIQLO,Clothes,uniqlo,train
UNIQLO CANADA,Clothes,uniqlo,train
UNIQLO CLOTHING,Clothes,uniqlo,train
H&M,Clothes,h_and_m,train
H&M STORE,Clothes,h_and_m,train
H AND M CLOTHING,Clothes,h_and_m,train
ZARA,Clothes,zara,train
ZARA CANADA,Clothes,zara,train
ZARA ONLINE,Clothes,zara,train
GAP,Clothes,gap,validation
GAP CANADA,Clothes,gap,validation
GAP CLOTHING,Clothes,gap,validation
ARITZIA,Clothes,aritzia,test
ARITZIA CANADA,Clothes,aritzia,test
ARITZIA CLOTHING,Clothes,aritzia,test
FanDuel CA,Other,fanduel,train
MATH COFFEE D,Food,math_coffee,train
UW TIM HORTONS,Food,campus_tims,validation
KAYAGUM KOREAN,Food,korean_restaurant,validation
EAT BKK THORN H,Food,thai_restaurant_2,test
WENDY#S #6620,Food,fast_food_wendys,test
POPEYES #12726,Food,fast_food_popeyes,test
UBER CANADA/UBE,Transport,uber_real,validation
UBER CAN REV 10/03,Transport,uber_real,validation
UBER * PENDING,Transport,uber_real,validation
OBSIDIAN.MD,Subscriptions,obsidian,train
E-TFR ***XXX EPAY,Transfer,etransfer_epay,validation
RECLAIM E-TFR,Transfer,etransfer_reclaim,test
BEST BUY MARKET,Other,electronics_retail,test
DHL EXPRESS ADC,Other,shipping,test
STEVE'S MUSIC S,Other,music_store,train
aliexpress,Other,online_marketplace,train
UP IN SMOKE SHO,Other,smoke_shop,train
UW ATHLETICS,Other,campus_athletics,train
OPS PAY,Income,payroll,train
INTEREST CREDIT,Income,interest,train
MOBILE DEPOSIT,Income,mobile_deposit,train
WS Investments INV,Transfer,brokerage_transfer,train
WEEKLY PAYROLL,Income,weekly pay,test
PAYROLL DEPOSIT,Income,salary,validation
TARGET T-5961,Other,bulk_other_debit_train_0,train
STOP PAYMENT FEE - 69/54,Other,bulk_other_debit_train_1,train
DENTAL365 8640 PARK DR NEW YORK 10001-5425NY USA,Other,bulk_other_debit_train_2,train
PAYPAL *AMWELL TOGIQG3PG4,Other,bulk_other_credit_train_3,train
AQUA AMERICA CABLE SVC WEB ID: ASRPQ83X,Other,bulk_other_debit_train_4,train
withdrawal from pg and e water,Other,bulk_other_debit_train_5,train
TWIN LIQUORS #2140 SEATTLE,Other,bulk_other_debit_train_6,train
DR. JACKSON CHIROPRACTIC,Other,bulk_other_debit_train_7,train
CLEAR SAN DIEGO,Other,bulk_other_debit_train_8,train
SPECTRUM UTIL PMT WEB ID: WM3UE2H1,Other,bulk_other_credit_train_9,train
LA FITNESS INC.,Other,bulk_other_debit_train_10,train
CVS - QUEENS,Other,bulk_other_debit_train_11,train
AFLAC INS,Other,bulk_other_debit_train_12,train
WITHDRAWAL FROM SPECTRUM PHONE,Other,bulk_other_debit_train_13,train
PAYPAL INST XFER ALASKA AIRLINES WEB ID: PAYPALSI77,Other,bulk_other_debit_train_14,train
ANNUAL FEE - 75/01,Other,bulk_other_debit_train_15,train
PAYPAL *VISIONWORKS,Other,bulk_other_debit_train_16,train
AMZN MKTP US*WCW0FNYT811,Other,bulk_other_debit_train_17,train
Kindle Unltd*6WAUNC67,Other,bulk_other_debit_train_18,train
TARGET T-4993,Other,bulk_other_debit_train_19,train
Amazon.com*VP8CSIWJO,Other,bulk_other_debit_train_20,train
AQUA AMERICA INTERNET WEB ID: ZKZDU4YJ,Other,bulk_other_debit_train_21,train
Clear*0588itz2ps,Other,bulk_other_debit_train_22,train
monthly service fee - 91/95,Other,bulk_other_debit_train_23,train
AWAY #200 LOS ANGELES,Other,bulk_other_debit_train_24,train
LENSCRAFTERS 6510 ELM RD SEATTLE 98101 WA USA,Other,bulk_other_debit_train_25,train
SPORT CLIPS*KJ2I5OA4AZ1H,Other,bulk_other_debit_train_26,train
SPECTRUM BILL PAY WEB ID: 6G2VRE3S,Other,bulk_other_debit_train_27,train
BLUEMERCURY 1142 MISSION AVE NEW YORK 10001-7749NY USA,Other,bulk_other_debit_train_28,train
FOREVER 21 #534,Other,bulk_other_debit_train_29,train
CRICKET ONLINE PMT WEB ID: TWSTDYBP,Other,bulk_other_debit_train_30,train
anthropologie 74898,Other,bulk_other_debit_train_31,train
Amazon.com*C1FQHB6USAP,Other,bulk_other_debit_train_32,train
RADISSON CO,Other,bulk_other_debit_train_33,train
LEMONADE 1203 MARKET RD BOSTON 02101 MA USA,Other,bulk_other_debit_train_34,train
MERCARI 7460 PARK RD MINNEAPOLIS 55401-4149MN USA,Other,bulk_other_debit_train_35,train
PYPL*GREAT CLIPS,Other,bulk_other_debit_train_36,train
STATE FARM 4521 UNIVERSITY CT LAS VEGAS 89101-3187NV USA,Other,bulk_other_debit_train_37,train
DR ROBINSON PSYCHIATRY,Other,bulk_other_debit_train_38,train
WIRE TRANSFER FEE - 94/73,Other,bulk_other_debit_train_39,train
PreApproved Payment Bill User Payment: HOMESERVE,Other,bulk_other_debit_train_40,train
DELTA AIR LINES*CGG547A6D70N,Other,bulk_other_debit_train_41,train
AMERICAN FAMILY 9519 CENTER PKWY BOSTON 02101-4817MA USA,Other,bulk_other_debit_train_42,train
SPIRIT AIRLINES 7259 ELM ST INDIANAPOLIS 46201 IN USA,Other,bulk_other_debit_train_43,train
TUESDAY MORNING - OAKLAND,Other,bulk_other_debit_train_44,train
PACIFIC LIFE 606 INDUSTRIAL WAY DALLAS 75201-9437TX USA,Other,bulk_other_debit_train_45,train
CRICKET CABLE SVC WEB ID: 2TMP4EW6,Other,bulk_other_debit_train_46,train
PAYPAL INST XFER SHUTTERFLY WEB ID: PAYPALSI06,Other,bulk_other_credit_train_47,train
TSA PRECHECK DENVER,Other,bulk_other_debit_train_48,train
STARLINK PHONE SVC WEB ID: PMS1J4DG,Other,bulk_other_debit_train_49,train
paypal *pypl betterhelp,Other,bulk_other_debit_train_50,train
Travelers 9836 Center St Hayward 94541-9467ca Usa,Other,bulk_other_debit_train_51,train
withdrawal from republic services recycling,Other,bulk_other_debit_train_52,train
INTERNATIONAL WIRE FEE - 03/03,Other,bulk_other_debit_train_53,train
WASTE CONNECTIONS WASTE SVC,Other,bulk_other_debit_train_54,train
AMZN MKTP US*UXK3WRO5CPJ,Other,bulk_other_debit_train_55,train
FACEBOOK MARKETPLACE 6482 MAIN ST NEWARK07101 NJ USA,Other,bulk_other_debit_train_56,train
24 HOUR FITNESS - SAN DIEGO,Other,bulk_other_debit_train_57,train
SUNPOWER SOLAR PMT WEB ID: 935RH7JV,Other,bulk_other_debit_train_58,train
RITE AID 2487 MISSION PKWY NEW YORK 10001-5078NY USA,Other,bulk_other_credit_train_59,train
WYNDHAM 9407 OAK BLVD SALT LAKE CITY 84101-2601UT USA,Other,bulk_other_debit_train_60,train
AMAZON MKTPL*TH4WTZIEXFY,Other,bulk_other_debit_train_61,train
PAYPAL *ymca,Other,bulk_other_debit_train_62,train
Visionworks #217 Salt Lake City,Other,bulk_other_debit_train_63,train
Blue Cross Home Premium,Other,bulk_other_debit_train_64,train
CHOICE HOME WARRANTY 8558 MISSION LN LAS VEGAS 89101-9531NV USA,Other,bulk_other_debit_train_65,train
DOLLAR RENT A CAR - DALLAS,Other,bulk_other_debit_train_66,train
PAYPAL INST XFER SOUTHWEST AIRLINESWEB ID: PAYPALSI17,Other,bulk_other_debit_train_67,train
WIRE TRANSFER FEE - 09/10,Other,bulk_other_debit_train_68,train
SALLY BEAUTY; Charge,Other,bulk_other_debit_train_69,train
BED BATH & BEYOND 4209 INDUSTRIAL PKWY NASHVILLE 37201 TN USA,Other,bulk_other_debit_train_70,train
OFFERUP 5629 BROADWAY LN BOSTON 02101-6964MA USA,Other,bulk_other_debit_train_71,train
Kindle Unltd*TKXJBTQA0,Other,bulk_other_debit_train_72,train
PAYPAL *ALASKA AIRLINES,Other,bulk_other_debit_train_73,train
MUNICIPAL WATER PHONE SVC WEB ID: KDPL6RD7,Other,bulk_other_debit_train_74,train
FLORIDA POWER BILL PAY WEB ID: P3I3U3C8,Other,bulk_other_debit_train_75,train
ATM SERVICE CHARGE - 40/53,Other,bulk_other_debit_train_76,train
express checkout payment: gold's gym,Other,bulk_other_debit_train_77,train
ALLSTATE PREMIUM,Other,bulk_other_debit_train_78,train
DIGNITY HEALTH MEDICAL PMT WEB ID: BRLQ9PYD,Other,bulk_other_debit_train_79,train
DERMALOGICA #986 SEATTLE,Other,bulk_other_debit_train_80,train
LIQUOR STORE #3091 QUEENS,Other,bulk_other_debit_train_81,train
MINT MOBILE ELECTRIC WEB ID: YEXCG6X3,Other,bulk_other_debit_train_82,train
CENTURION LOUNGE OAKLAND,Other,bulk_other_debit_train_83,train
BLUEMERCURY 6581 UNIVERSITY BLVD QUEENS 11101-7290NY USA,Other,bulk_other_debit_train_84,train
PRICELINE #405 QUEENS,Other,bulk_other_debit_train_85,train
AIRBNB; SUBSCRIPTION,Other,bulk_other_debit_train_86,train
TRAVELERS 916 PARK DR CHARLOTTE 28201-7734NC USA,Other,bulk_other_debit_train_87,train
AQUA AMERICA AUTOPAY WEB ID: UZ1ODYMN,Other,bulk_other_debit_train_88,train
ANN TAYLOR #669,Other,bulk_other_debit_train_89,train
OFFERUP 7986 CENTER AVE MINNEAPOLIS 55401-7993MN USA,Other,bulk_other_debit_train_90,train
AIRPORT PARKING SACRAMENTO,Other,bulk_other_debit_train_91,train
NATIONWIDE 8552 BROADWAY BLVD QUEENS 11101 NY USA,Other,bulk_other_debit_train_92,train
ROBINSON OPTOMETRY,Other,bulk_other_debit_train_93,train
Amazon.com*5Y4E3Y15,Other,bulk_other_debit_train_94,train
PAYPAL INST XFER TALKSPACE WEB ID: PAYPALSI03,Other,bulk_other_debit_train_95,train
COMFORT DENTAL 4583 MAIN LN SALT LAKE CITY84101 UT USA,Other,bulk_other_debit_train_96,train
ANYTIME FITNESS 5384 MARKET ST LAS VEGAS 89101-4132NV USA,Other,bulk_other_debit_train_97,train
WYNDHAM 4615 CENTER CT NEW YORK 10001 NY USA,Other,bulk_other_debit_train_98,train
ULTA BEAUTY 5415 MAIN BLVD CHARLOTTE 28201 NC USA,Other,bulk_other_debit_train_99,train
ERIE INSURANCE BILLING,Other,bulk_other_debit_train_100,train
AMERICAN FAMILY INS PREMIUM PPD ID: 2053382163,Other,bulk_other_debit_train_101,train
AMAZON MARKTPLACE*POYA4IZX,Other,bulk_other_debit_train_102,train
WAYFAIR #50592 NEW YORK,Other,bulk_other_debit_train_103,train
SPECTRUM INTERNET WEB ID: 1NPWHXO6,Other,bulk_other_debit_train_104,train
INACTIVITY FEE - 57/45,Other,bulk_other_debit_train_105,train
ACH RETURN FEE - 50/25,Other,bulk_other_debit_train_106,train
ATM SURCHARGE - 84/64,Other,bulk_other_debit_train_107,train
TARGET T-8602,Other,bulk_other_debit_train_108,train
BUYER PAYMENT: HERTZ,Other,bulk_other_debit_train_109,train
mint mobile 4049 center ln raleigh27601 nc usa,Other,bulk_other_debit_train_110,train
GLOBAL ENTRY INC.,Other,bulk_other_debit_train_111,train
Mac Cosmetics 3151 Mission Blvd Orlando 32801-2986fl Usa,Other,bulk_other_debit_train_112,train
liberty mutual 2803 elm ave denver 80201-4570co usa,Other,bulk_other_debit_train_113,train
WYNDHAM.COM,Other,bulk_other_debit_train_114,train
VRBO #3404 RALEIGH,Other,bulk_other_debit_train_115,train
YMCA CORP,Other,bulk_other_debit_train_116,train
DR RAMIREZ PSYCHIATRY,Other,bulk_other_debit_train_117,train
Roosters 6557 Industrial Rd Boston 02101-3697ma Usa,Other,bulk_other_debit_train_118,train
AMZN MKTP US*1YJOJYNE,Other,bulk_other_debit_train_119,train
PAYPAL INST XFER HERTZ WEB ID: PAYPALSI66,Other,bulk_other_debit_train_120,train
SEPHORA*0PA3OLJVR,Other,bulk_other_debit_train_121,train
Express Checkout Payment: Mdlive,Other,bulk_other_debit_train_122,train
CLEVELAND CLINIC MEDICAL PMT WEB ID: 57OK87PB,Other,bulk_other_debit_train_123,train
COMCAST AUTOPAY WEB ID: 333DPLQ6,Other,bulk_other_debit_train_124,train
DR GONZALEZ CARDIOLOGY,Other,bulk_other_debit_train_125,train
Msc Cruises; Billing,Other,bulk_other_debit_train_126,train
BISHOPS CUT; BILLING,Other,bulk_other_debit_train_127,train
PAYPAL INST XFER DOLLAR RENT A CARWEB ID: PAYPALSI13,Other,bulk_other_debit_train_128,train
ANTHEM 2919 OAK AVE AUSTIN 78701-5380TX USA,Other,bulk_other_debit_train_129,train
monthly service fee - 33/69,Other,bulk_other_debit_train_130,train
PAYPAL *PYPL mdlive,Other,bulk_other_debit_train_131,train
PAYPAL INST XFER EQUINOX WEB ID: PAYPALSI78,Other,bulk_other_debit_train_132,train
EVERSOURCE PHONE SVC WEB ID: IHXVGPZE,Other,bulk_other_debit_train_133,train
1-800-CONTACTS 7575 MAIN LN MINNEAPOLIS 55401-9123MN USA,Other,bulk_other_debit_train_134,train
CRICKET BILL PAY WEB ID: ZZO9ONCV,Other,bulk_other_debit_train_135,train
ORANGETHEORY 1115 OAK PKWY MIAMI 33101-3635FL USA,Other,bulk_other_debit_train_136,train
ULTA BEAUTY - SAN DIEGO,Other,bulk_other_debit_train_137,train
Visionworks - Minneapolis,Other,bulk_other_debit_train_138,train
LIBERTY MUTUAL 4955 UNIVERSITY ST NEWARK 07101-4734NJ USA,Other,bulk_other_debit_train_139,train
PAYPAL *PYPL TIKTOK SHOP,Other,bulk_other_debit_train_140,train
Bestow 6479 Market Blvd Las Vegas89101 Nv Usa,Other,bulk_other_debit_train_141,train
Abc Fine Wine 18927,Other,bulk_other_debit_train_142,train
WORLD MARKET - SEATTLE,Other,bulk_other_debit_train_143,train
NAMECHEAP - HOUSTON,Other,bulk_other_credit_train_144,train
INTERNATIONAL WIRE FEE - 93/90,Other,bulk_other_debit_train_145,train
MAC COSMETICS INC,Other,bulk_other_debit_train_146,train
Minimum Balance Fee - 55/06,Other,bulk_other_debit_train_147,train
target t-4206,Other,bulk_other_debit_train_148,train
MINT MOBILE 4740 BROADWAY PKWY SEATTLE 98101 WA USA,Other,bulk_other_debit_train_149,train
TARGET T-4840,Other,bulk_other_debit_train_150,train
AMZN DIGITAL*H8O46RIG,Other,bulk_other_credit_train_151,train
PREAUTHORIZED WITHDRAWAL TO ASPEN DENTAL,Other,bulk_other_debit_train_152,train
BLUEMERCURY; BILLING,Other,bulk_other_debit_train_153,train
STAPLES - INDIANAPOLIS,Other,bulk_other_debit_train_154,train
DOCTOR ON DEMAND,Other,bulk_other_debit_train_155,train
TARGET T-4177,Other,bulk_other_debit_train_156,train
Withdrawal From Centurylink Phone,Other,bulk_other_debit_train_157,train
LEMONADE INS PREMIUM PPD ID: 5663672648,Other,bulk_other_debit_train_158,train
PLANET FITNESS 9725 UNIVERSITY LN UNION CITY 94587-3175CA USA,Other,bulk_other_debit_train_159,train
WASTE MANAGEMENT COLLECTION WEB ID: YC49W7JW,Other,bulk_other_debit_train_160,train
DERMALOGICA 7877 PARK BLVD CHICAGO60601 IL USA,Other,bulk_other_debit_train_161,train
HOMESITE 329 UNIVERSITY PKWY LAS VEGAS89101 NV USA,Other,bulk_other_debit_train_162,train
DOUBLETREE #3385 CHARLOTTE,Other,bulk_other_debit_train_163,train
international wire fee - 31/52,Other,bulk_other_debit_train_164,train
ANNUAL FEE - 58/91,Other,bulk_other_debit_train_165,train
PRICELINE 109 MARKET CT SALT LAKE CITY84101 UT USA,Other,bulk_other_debit_train_166,train
PREAUTHORIZED WITHDRAWAL TO SPORT CLIPS,Other,bulk_other_debit_train_167,train
STATE FARM INS,Other,bulk_other_debit_train_168,train
AIRPORT PARKING.COM,Other,bulk_other_debit_train_169,train
radisson; subscription,Other,bulk_other_debit_train_170,train
AMERICAN AIRLINES 3396 MAIN WAY HOUSTON 77001 TX USA,Other,bulk_other_debit_train_171,train
DR SANCHEZ DENTAL,Other,bulk_other_debit_train_172,train
PAYPAL INST XFER BEST BUY WEB ID: PAYPALSI26,Other,bulk_other_debit_train_173,train
EXPEDIA 2545 MARKET ST SAN FRANCISCO 94102-6475CA USA,Other,bulk_other_credit_train_174,train
Roosters 7919 Main Ct Sacramento 95814-2783ca Usa,Other,bulk_other_debit_train_175,train
ATM SERVICE CHARGE - 93/14,Other,bulk_other_debit_train_176,train
Account Closure Fee - 20/87,Other,bulk_other_debit_train_177,train
ELEMENTS MASSAGE; SERVICE,Other,bulk_other_debit_train_178,train
PreApproved Payment Bill User Payment: HOMESITE,Other,bulk_other_debit_train_179,train
Sunpower Solar Payment,Other,bulk_other_debit_train_180,train
WIX #1164 TAMPA,Other,bulk_other_credit_train_181,train
MUNICIPAL WATER 8303 OAK PKWY AUSTIN78701 TX USA,Other,bulk_other_debit_train_182,train
TRAVELERS 9463 BROADWAY PKWY FREMONT 94536-4686CA USA,Other,bulk_other_debit_train_183,train
DR. GARCIA DENTAL,Other,bulk_other_credit_train_184,train
GOOGLE FIBER ONLINE PMT WEB ID: S9VNQP06,Other,bulk_other_debit_train_185,train
SUBSCRIPTION PAYMENT: AWAY,Other,bulk_other_debit_train_186,train
MONTHLY SERVICE FEE - 59/49,Other,bulk_other_debit_train_187,train
PP*VRBO,Other,bulk_other_debit_train_188,train
Delta Air Lines; Purchase,Other,bulk_other_debit_train_189,train
PAYPAL *AMWELL,Other,bulk_other_debit_train_190,train
CERAVE 837 BROADWAY PKWY NEWARK07101 NJ USA,Other,bulk_other_debit_train_191,train
TRIPADVISOR LLC,Other,bulk_other_debit_train_192,train
TARGET T-1344,Other,bulk_other_debit_train_193,train
ULTA BEAUTY #9059 AUSTIN,Other,bulk_other_debit_train_194,train
TRANSAMERICA 6948 BROADWAY DR RALEIGH 27601-3896NC USA,Other,bulk_other_debit_train_195,train
EXPEDIA 4434 INDUSTRIAL PKWY PHOENIX 85001-7566AZ USA,Other,bulk_other_debit_train_196,train
AIRPORT PARKING MINNEAPOLIS,Other,bulk_other_debit_train_197,train
VIVINT SOLAR SOLAR PMT WEB ID: F88EAZUZ,Other,bulk_other_debit_train_198,train
PreApproved Payment Bill User Payment: AFLAC,Other,bulk_other_debit_train_199,train
PAYPAL *ROOSTERS QTA3NTY382,Other,bulk_other_debit_train_200,train
NATIONAL CAR RENTAL*OPK82934XXDZ,Other,bulk_other_debit_train_201,train
24 HOUR FITNESS 5070 ELM DR SACRAMENTO95814 CA USA,Other,bulk_other_debit_train_202,train
PAYPAL INST XFER HERTZ WEB ID: PAYPALSI75,Other,bulk_other_debit_train_203,train
RADISSON - OAKLAND,Other,bulk_other_debit_train_204,train
PP*DELTA AIR LINES,Other,bulk_other_debit_train_205,train
WIRE TRANSFER FEE - 94/71,Other,bulk_other_debit_train_206,train
MERCARI 2414 MARKET ST COLUMBUS43201 OH USA,Other,bulk_other_debit_train_207,train
wyndham 8688 center ct salt lake city 84101 ut usa,Other,bulk_other_debit_train_208,train
MINT MOBILE EBILL WEB ID: RJWJJVBF,Other,bulk_other_credit_train_209,train
DAILY CASH ADJUSTMENT - 12/35,Other,bulk_other_credit_train_210,train
wire transfer fee - 13/25,Other,bulk_other_debit_train_211,train
Withdrawal From Frontier Water,Other,bulk_other_debit_train_212,train
Facebook Marketplace 6670 Oak Rd Fremont94536 Ca Usa,Other,bulk_other_debit_train_213,train
WATER UTILITY UTIL PMT WEB ID: UL09KNCZ,Other,bulk_other_debit_train_214,train
MINT MOBILE BILL PAY WEB ID: BAW7GGN3,Other,bulk_other_debit_train_215,train
CRUNCH FITNESS 9828 MISSION LN UNION CITY 94587-9112CA USA,Other,bulk_other_debit_train_216,train
supercuts; service,Other,bulk_other_debit_train_217,train
ATM FEE - 72/26,Other,bulk_other_debit_train_218,train
PAYPAL *WISH.COM,Other,bulk_other_debit_train_219,train
AMAZON MKTPL*BWH0NUVW,Other,bulk_other_credit_train_220,train
VISIBLE 9712 INDUSTRIAL BLVD FREMONT 94536-4012CA USA,Other,bulk_other_debit_train_221,train
AFLAC 5445 MAIN ST COLUMBUS 43201-6559OH USA,Other,bulk_other_debit_train_222,train
STATE FARM INSPAYMENT PPD ID: 9717329319,Other,bulk_other_debit_train_223,train
LEWIS CHIROPRACTIC,Other,bulk_other_debit_train_224,train
AQUA AMERICA PHONE SVC WEB ID: 7NH6NFUO,Other,bulk_other_debit_train_225,train
SPORT CLIPS 1428 MISSION AVE PORTLAND 97201 OR USA,Other,bulk_other_debit_train_226,train
HOLIDAY INN; BILLING,Other,bulk_other_debit_train_227,train
AMAZON MKTPL*VWSWG4XBKQZ,Other,bulk_other_debit_train_228,train
NEW YORK LIFE BILLING PPD ID: 2872179055,Other,bulk_other_debit_train_229,train
PAYMENT TO: SPEC'S,Other,bulk_other_debit_train_230,train
PAYPAL INST XFER HAMPTON INN WEB ID: PAYPALSI80,Other,bulk_other_debit_train_231,train
PYPL*YMCA,Other,bulk_other_debit_train_232,train
CORPORATE FILINGS 7932,Other,bulk_other_debit_train_233,train
pypl *ulta salon,Other,bulk_other_debit_train_234,train
waste connections collection,Other,bulk_other_debit_train_235,train
PACIFIC DENTAL 5685 ELM RD MIAMI 33101 FL USA,Other,bulk_other_debit_train_236,train
MERCARI 2323 PARK PKWY COLUMBUS 43201 OH USA,Other,bulk_other_debit_train_237,train
SALLY BEAUTY; SUBSCRIPTION,Other,bulk_other_debit_train_238,train
LIBERTY MUTUAL 5400 UNIVERSITY DR NASHVILLE 37201 TN USA,Other,bulk_other_debit_train_239,train
LEMONADE BILLING PPD ID: 8680229590,Other,bulk_other_debit_train_240,train
AMERICAS BEST EYE CARE,Other,bulk_other_credit_train_241,train
Card Replacement Fee,Other,bulk_other_debit_train_242,train
Paypal *crunch Fitness N89ukkiqa2,Other,bulk_other_debit_train_243,train
BISHOPS CUT 9599 OAK LN SAN JOSE95101 CA USA,Other,bulk_other_debit_train_244,train
PAYPAL INST XFER GOLD'S GYM WEB ID: PAYPALSI89,Other,bulk_other_debit_train_245,train
KAYAK 9961 MAIN WAY CHICAGO60601 IL USA,Other,bulk_other_debit_train_246,train
PG AND E EBILL WEB ID: OLZ323XD,Other,bulk_other_debit_train_247,train
ULTA SALON*J7FYK3I45P82,Other,bulk_other_debit_train_248,train
FRONTIER AIRLINES - SAN JOSE,Other,bulk_other_debit_train_249,train
DR. SINGH ORTHOPEDICS,Other,bulk_other_debit_train_250,train
SANCHEZ DERMATOLOGY,Other,bulk_other_debit_train_251,train
PP*ULTA SALON,Other,bulk_other_debit_train_252,train
MASS MUTUAL 5215 MISSION PKWY RALEIGH 27601 NC USA,Other,bulk_other_debit_train_253,train
ACCOUNT CLOSURE FEE - 66/37,Other,bulk_other_debit_train_254,train
US MOBILE INTERNET WEB ID: J4G2ELVB,Other,bulk_other_debit_train_255,train
SEPHORA*QEKF6JVUH,Other,bulk_other_debit_train_256,train
PAYPAL INST XFER ROOSTERS WEB ID: PAYPALSI31,Other,bulk_other_debit_train_257,train
SPECTRUM 5066 ELM WAY BROOKLYN 11201 NY USA,Other,bulk_other_debit_train_258,train
AMERICAN WATER ONLINE PMT WEB ID: JTFGSGLM,Other,bulk_other_debit_train_259,train
BALANCE TRANSFER FEE - 46/44,Other,bulk_other_debit_train_260,train
AMZN MKTP US*IT6D25OMV6,Other,bulk_other_debit_train_261,train
Preauthorized Withdrawal to NORWEGIAN CRUISE,Other,bulk_other_debit_train_262,train
KAISER PERMANENTE,Other,bulk_other_debit_train_263,train
HARTFORD 3171 MAIN ST SAN FRANCISCO94102 CA USA,Other,bulk_other_credit_train_264,train
RITE AID.COM,Other,bulk_other_debit_train_265,train
TALKSPACE 5122 OAK BLVD TAMPA 33601-4040FL USA,Other,bulk_other_debit_train_266,train
24 Hour Fitness - Chicago,Other,bulk_other_debit_train_267,train
EXPEDIA 3087 PARK CT CHARLOTTE 28201-9403NC USA,Other,bulk_other_debit_train_268,train
Annual Fee - 89/31,Other,bulk_other_debit_train_269,train
METRO BY T-MOBILEELECTRIC WEB ID: EP5TNIAV,Other,bulk_other_debit_train_270,train
MAC COSMETICS*T67PLMDD3SSQ,Other,bulk_other_debit_train_271,train
MARTIN ORTHOPEDICS,Other,bulk_other_debit_train_272,train
PYPL*Northwest Registered Agent,Other,bulk_other_debit_train_273,train
PAYPAL *HEALTHY PET 86ZJLCPXEH,Other,bulk_other_debit_train_274,train
CASH ADVANCE FEE - 38/85,Other,bulk_other_debit_train_275,train
WORDPRESS.COM #1371 PHILADELPHIA,Other,bulk_other_debit_train_276,train
HOME WARRANTY 7816 OAK WAY MINNEAPOLIS55401 MN USA,Other,bulk_other_debit_train_277,train
SUTTER HEALTH MEDICAL PMT WEB ID: CHHTK5VM,Other,bulk_other_debit_train_278,train
DENTAL365 4781 OAK ST MINNEAPOLIS 55401 MN USA,Other,bulk_other_debit_train_279,train
PROGRESSIVE 5706 MARKET RD NASHVILLE37201 TN USA,Other,bulk_other_debit_train_280,train
FRONTIER ELECTRIC WEB ID: LOUMSVKI,Other,bulk_other_debit_train_281,train
WASTE MANAGEMENT 5117 MISSION PKWY SEATTLE 98101-8462WA USA,Other,bulk_other_debit_train_282,train
TARGET T-9945,Other,bulk_other_debit_train_283,train
CERAVE.com,Other,bulk_other_debit_train_284,train
withdrawal from city water electric,Other,bulk_other_debit_train_285,train
ladder 6972 industrial ct fremont 94536-9698ca usa,Other,bulk_other_debit_train_286,train
Lenscrafters - Houston,Other,bulk_other_credit_train_287,train
STOP PAYMENT FEE - 35/56,Other,bulk_other_debit_train_288,train
HCA HEALTHCARE; PAYMENT,Other,bulk_other_debit_train_289,train
HOMESERVE 4454 MISSION DR PHOENIX 85001-2475AZ USA,Other,bulk_other_debit_train_290,train
AMZN MKTP US*STZW3ARAZ,Other,bulk_other_debit_train_291,train
Sephora 6541 Market Pkwy San Diego92101 Ca Usa,Other,bulk_other_debit_train_292,train
DR. HARRIS OPTOMETRY,Other,bulk_other_debit_train_293,train
DILLARD'S*YHCO2PVUZ,Other,bulk_other_credit_train_294,train
white family medicine,Other,bulk_other_debit_train_295,train
PAYPAL *Floyd's 99,Other,bulk_other_debit_train_296,train
Homeserve 5324 Broadway Ave Dallas75201 Tx Usa,Other,bulk_other_debit_train_297,train
KAISER PERMANENTEMEDICAL PMT WEB ID: 7REW6EYL,Other,bulk_other_debit_train_298,train
TSA PRECHECK.com,Other,bulk_other_debit_train_299,train
ACCOUNT CLOSURE FEE - 80/28,Other,bulk_other_debit_train_300,train
FLORIDA POWER ONLINE PMT WEB ID: MPKTGILF,Other,bulk_other_debit_train_301,train
BEST WESTERN 4290 OAK AVE SAN FRANCISCO 94102-5674CA USA,Other,bulk_other_debit_train_302,train
Northwest Registered Agent 2242 Center Way Portland 97201 Or Usa,Other,bulk_other_debit_train_303,train
PP*Shutterfly,Other,bulk_other_debit_train_304,train
NEW YORK LIFE PREMIUM,Other,bulk_other_debit_train_305,train
DENTAL365 4688 CENTER DR PORTLAND 97201-8905OR USA,Other,bulk_other_debit_train_306,train
BESTOW 5994 OAK RD NEW YORK 10001-4394NY USA,Other,bulk_other_debit_train_307,train
Kindle Unltd*IPIFW1FUU,Other,bulk_other_credit_train_308,train
TING 9100 INDUSTRIAL BLVD QUEENS 11101-0047NY USA,Other,bulk_other_debit_train_309,train
DERMALOGICA 6940 MAIN LN BOSTON 02101 MA USA,Other,bulk_other_debit_train_310,train
WITHDRAWAL FROM CRICKET ELECTRIC,Other,bulk_other_debit_train_311,train
PreApproved Payment Bill User Payment: HAVEN LIFE,Other,bulk_other_debit_train_312,train
Ach Return Fee - 53/64,Other,bulk_other_debit_train_313,train
DR. PARK PSYCHIATRY,Other,bulk_other_debit_train_314,train
CROSSFIT 2309 MARKET AVE QUEENS 11101 NY USA,Other,bulk_other_debit_train_315,train
ENTERPRISE - BROOKLYN,Other,bulk_other_credit_train_316,train
VERIZON AUTOPAY WEB ID: IS1BRPUD,Other,bulk_other_debit_train_317,train
T-MOBILE INTERNET WEB ID: 0L7SN8Y1,Other,bulk_other_debit_train_318,train
ATM FEE - 99/10,Other,bulk_other_debit_train_319,train
DR. THOMAS FAMILY MEDICINE,Other,bulk_other_debit_validation_0,validation
PAYPAL *cvs,Other,bulk_other_debit_validation_1,validation
PAYPAL *NATIONAL CAR RENTAL,Other,bulk_other_debit_validation_2,validation
EXPRESS CHECKOUT PAYMENT: ALASKA AIRLINES,Other,bulk_other_debit_validation_3,validation
MAYO CLINIC.com,Other,bulk_other_debit_validation_4,validation
PP*FLOYD'S 99,Other,bulk_other_debit_validation_5,validation
google fiber 9014 center ave brooklyn 11201-1577ny usa,Other,bulk_other_debit_validation_6,validation
T-MOBILE AUTOPAY WEB ID: T63L3F40,Other,bulk_other_debit_validation_7,validation
Coned 2107 Industrial Pkwy Miami 33101 Fl Usa,Other,bulk_other_debit_validation_8,validation
PP*Tripadvisor,Other,bulk_other_debit_validation_9,validation
Express Checkout Payment: KAYAK,Other,bulk_other_debit_validation_10,validation
TARGET T-1424,Other,bulk_other_debit_validation_11,validation
ROSS DRESS FOR LESS*J0G887H04EKP,Other,bulk_other_debit_validation_12,validation
PreApproved Payment Bill User Payment: HOTWIRE,Other,bulk_other_credit_validation_13,validation
PAYMENT TO: PRIORITY PASS,Other,bulk_other_debit_validation_14,validation
EXPRESS CHECKOUT PAYMENT: JC PENNEY,Other,bulk_other_debit_validation_15,validation
MAC COSMETICS - UNION CITY,Other,bulk_other_debit_validation_16,validation
YMCA #2529 LAS VEGAS,Other,bulk_other_debit_validation_17,validation
DOLLAR RENT A CAR #93663 AUSTIN,Other,bulk_other_debit_validation_18,validation
HOTWIRE 2648 BROADWAY BLVD PITTSBURGH 15201-2603PA USA,Other,bulk_other_debit_validation_19,validation
BATH & BODY WORKS 5315 PARK WAY CHICAGO 60601-8675IL USA,Other,bulk_other_debit_validation_20,validation
Target T-9871,Other,bulk_other_debit_validation_21,validation
BOOKING.COM; PAYMENT,Other,bulk_other_debit_validation_22,validation
massage envy #9959 minneapolis,Other,bulk_other_debit_validation_23,validation
PYPL*CEREBRAL,Other,bulk_other_debit_validation_24,validation
COX CABLE SVC WEB ID: ZXONOMY5,Other,bulk_other_debit_validation_25,validation
WESTERN DENTAL 9092 OAK PKWY QUEENS 11101 NY USA,Other,bulk_other_debit_validation_26,validation
CHEN OPTOMETRY,Other,bulk_other_debit_validation_27,validation
PP*EQUINOX,Other,bulk_other_debit_validation_28,validation
HARTFORD 8956 UNIVERSITY LN OAKLAND 94601-3272CA USA,Other,bulk_other_debit_validation_29,validation
IFIXIT 151 CENTER WAY SACRAMENTO 95814 CA USA,Other,bulk_other_debit_validation_30,validation
PAYPAL *ETSY 0ZQTGVXXEI,Other,bulk_other_debit_validation_31,validation
Late Payment Fee - 63/26,Other,bulk_other_debit_validation_32,validation
AMAZON MARKTPLACE*A1VG18CGZJU,Other,bulk_other_debit_validation_33,validation
24 Hour Fitness 4254 Park St Seattle 98101-1421wa Usa,Other,bulk_other_debit_validation_34,validation
bluemercury - brooklyn,Other,bulk_other_debit_validation_35,validation
MAYO CLINIC 3980 CENTER DR ORLANDO 32801-7195FL USA,Other,bulk_other_debit_validation_36,validation
COSTCO PHARMACY 3291 OAK PKWY RALEIGH 27601-5709NC USA,Other,bulk_other_debit_validation_37,validation
EVERSOURCE CABLE SVC WEB ID: R18H042T,Other,bulk_other_debit_validation_38,validation
PAYPAL INST XFER LA FITNESS WEB ID: PAYPALSI21,Other,bulk_other_debit_validation_39,validation
PreApproved Payment Bill User Payment: TSA PRECHECK,Other,bulk_other_debit_test_0,test
COX 3989 BROADWAY AVE SEATTLE 98101-9197WA USA,Other,bulk_other_debit_test_1,test
VISIONWORKS #70718 COLUMBUS,Other,bulk_other_debit_test_2,test
INACTIVITY FEE - 50/05,Other,bulk_other_debit_test_3,test
PAYPAL INST XFER SEPHORA WEB ID: PAYPALSI82,Other,bulk_other_debit_test_4,test
PreApproved Payment Bill User Payment: CHOICE HOME WARRANTY,Other,bulk_other_debit_test_5,test
LULULEMON #9857 PHILADELPHIA,Other,bulk_other_debit_test_6,test
BETTERHELP.COM,Other,bulk_other_debit_test_7,test
CITY WATER 3852 UNIVERSITY WAY CHARLOTTE28201 NC USA,Other,bulk_other_debit_test_8,test
DR CLARK PHYSICAL THERAPY,Other,bulk_other_debit_test_9,test
AMERICAN AIRLINES 1524 OAK LN PHILADELPHIA 19101 PA USA,Other,bulk_other_debit_test_10,test
DOCTOR ON DEMAND VIRTUAL VISIT,Other,bulk_other_debit_test_11,test
DR. PEREZ DERMATOLOGY,Other,bulk_other_debit_test_12,test
Floyd's 99 718 Market Blvd Philadelphia 19101-6296pa Usa,Other,bulk_other_debit_test_13,test
Hand & Stone 61994,Other,bulk_other_debit_test_14,test
Radisson - San Jose,Other,bulk_other_debit_test_15,test
AT&T ELECTRIC WEB ID: ZO257O93,Other,bulk_other_debit_test_16,test
AMZN DIGITAL*629S1NX38L,Other,bulk_other_debit_test_17,test
paypal *doctor on demand af9ykydjmm,Other,bulk_other_debit_test_18,test
DR. LOPEZ PSYCHIATRY,Other,bulk_other_debit_test_19,test
SPORTS CLIPS,Other,bulk_other_debit_test_20,test
24 hour fitness inc.,Other,bulk_other_debit_test_21,test
ORANGETHEORY 2060 INDUSTRIAL CT PHILADELPHIA 19101-0513PA USA,Other,bulk_other_debit_test_22,test
SEPHORA 2246 CENTER AVE UNION CITY 94587-1141CA USA,Other,bulk_other_debit_test_23,test
walmart 4849 austin,Other,bulk_other_debit_test_24,test
AMAZON MARKTPLACE*MKCCO4TV7,Other,bulk_other_debit_test_25,test
MARRIOTT*N101Y2EXB7V,Other,bulk_other_debit_test_26,test
CITY WATER ONLINE PMT WEB ID: UQ2ZLUID,Other,bulk_other_debit_test_27,test
KAYAK 1439 PARK CT PHILADELPHIA 19101-1466PA USA,Other,bulk_other_debit_test_28,test
Withdrawal From Floyd's 99,Other,bulk_other_debit_test_29,test
BALANCE TRANSFER FEE - 55/16,Other,bulk_other_debit_test_30,test
STOP PAYMENT FEE - 07/68,Other,bulk_other_debit_test_31,test
PYPL *PRICELINE,Other,bulk_other_debit_test_32,test
CROSSFIT - NEWARK,Other,bulk_other_debit_test_33,test
DOUBLETREE 2659 UNIVERSITY ST ATLANTA30301 GA USA,Other,bulk_other_debit_test_34,test
Abc Fine Wine 8462 Main Rd Dallas 75201 Tx Usa,Other,bulk_other_debit_test_35,test
preauthorized withdrawal to cvs,Other,bulk_other_credit_test_36,test
AQUA AMERICA ONLINE PMT WEB ID: K88GXI6H,Other,bulk_other_debit_test_37,test
TARGET T-4414,Other,bulk_other_debit_test_38,test
SPECTRUM EBILL WEB ID: 4RB72WSB,Other,bulk_other_debit_test_39,test
BETMGM 4668 MAIN LN HOUSTON 77001-3201TX USA,Entertainment,bulk_entertainment_debit_train_0,train
AXSTICKETS; Subscription,Entertainment,bulk_entertainment_debit_train_1,train
ACTIVISION PURCHASE,Entertainment,bulk_entertainment_debit_train_2,train
Fandango - Seattle,Entertainment,bulk_entertainment_debit_train_3,train
ZOO LLC,Entertainment,bulk_entertainment_credit_train_4,train
MLB.TV 8931 OAK LN TAMPA 33601-6844FL USA,Entertainment,bulk_entertainment_debit_train_5,train
AQUARIUM 1237 BROADWAY BLVD UNION CITY 94587 CA USA,Entertainment,bulk_entertainment_debit_train_6,train
PLAYSTATION.COM,Entertainment,bulk_entertainment_debit_train_7,train
CINEMARK; SUBSCRIPTION,Entertainment,bulk_entertainment_debit_train_8,train
espn+ 505 center ct new york10001 ny usa,Entertainment,bulk_entertainment_debit_train_9,train
MUSEUM - AUSTIN,Entertainment,bulk_entertainment_debit_train_10,train
Express Checkout Payment: DRIVING RANGE,Entertainment,bulk_entertainment_debit_train_11,train
ESCAPE ROOM - SAN FRANCISCO,Entertainment,bulk_entertainment_debit_train_12,train
PAYPAL *AXSTICKETS V6Q8IA5B0K,Entertainment,bulk_entertainment_debit_train_13,train
go kart.com,Entertainment,bulk_entertainment_debit_train_14,train
axstickets - columbus,Entertainment,bulk_entertainment_debit_train_15,train
MOHEGAN SUN 5114 MISSION CT HOUSTON 77001 TX USA,Entertainment,bulk_entertainment_debit_train_16,train
PP*NBA LEAGUE PASS,Entertainment,bulk_entertainment_debit_train_17,train
LIVENATION 999 MARKET AVE NEW YORK 10001 NY USA,Entertainment,bulk_entertainment_debit_train_18,train
GOLF COURSE 5694 MARKET RD SAN FRANCISCO 94102-4571CA USA,Entertainment,bulk_entertainment_debit_train_19,train
GOLF COURSE 6892 OAK DR SACRAMENTO 95814-1602CA USA,Entertainment,bulk_entertainment_debit_train_20,train
HORSESHOE CASINO 3919 OAK LN ORLANDO 32801-9012FL USA,Entertainment,bulk_entertainment_credit_train_21,train
SKATING RINK; Payment,Entertainment,bulk_entertainment_debit_train_22,train
DAZN 7969 PARK PKWY PORTLAND97201 OR USA,Entertainment,bulk_entertainment_debit_train_23,train
AQUARIUM 746 PARK ST CHICAGO 60601 IL USA,Entertainment,bulk_entertainment_debit_train_24,train
PAYPAL *TRAMPOLINE PARK R4L6WCYS2B,Entertainment,bulk_entertainment_debit_train_25,train
ESCAPE ROOM 2544 BROADWAY PKWY SACRAMENTO 95814 CA USA,Entertainment,bulk_entertainment_debit_train_26,train
NINTENDO GAME,Entertainment,bulk_entertainment_debit_train_27,train
Bungie 9475 Industrial St Denver80201 Co Usa,Entertainment,bulk_entertainment_debit_train_28,train
horseshoe casino deposit,Entertainment,bulk_entertainment_debit_train_29,train
skating rink #621 fremont,Entertainment,bulk_entertainment_debit_train_30,train
Fubotv Corp,Entertainment,bulk_entertainment_debit_train_31,train
WITHDRAWAL FROM BLIZZARD,Entertainment,bulk_entertainment_debit_train_32,train
DAVE & BUSTER'S 6773 UNIVERSITY CT RALEIGH27601 NC USA,Entertainment,bulk_entertainment_debit_train_33,train
Express Checkout Payment: TOPGOLF,Entertainment,bulk_entertainment_debit_train_34,train
ZOO 635 MAIN AVE CHARLOTTE 28201-2800NC USA,Entertainment,bulk_entertainment_debit_train_35,train
THEME PARK 1732 MAIN PKWY SALT LAKE CITY 84101-3754UT USA,Entertainment,bulk_entertainment_credit_train_36,train
IMAX; SUBSCRIPTION,Entertainment,bulk_entertainment_debit_train_37,train
THEME PARK - PHILADELPHIA,Entertainment,bulk_entertainment_debit_train_38,train
Climbing Gym #4048 Dallas,Entertainment,bulk_entertainment_debit_train_39,train
Mgm Grand Deposit,Entertainment,bulk_entertainment_debit_train_40,train
MINI GOLF #95105 DENVER,Entertainment,bulk_entertainment_credit_train_41,train
CAESARS SPORTSBOOK 8118 MAIN BLVD SAN JOSE 95101 CA USA,Entertainment,bulk_entertainment_debit_train_42,train
FANDANGO #71677 MIAMI,Entertainment,bulk_entertainment_credit_train_43,train
THEME PARK #46974 UNION CITY,Entertainment,bulk_entertainment_debit_train_44,train
SUBSCRIPTION PAYMENT: BOWLING,Entertainment,bulk_entertainment_debit_train_45,train
zoo 6214 market dr san francisco 94102-7325ca usa,Entertainment,bulk_entertainment_debit_train_46,train
TICKETMASTER 9359 ELM DR SACRAMENTO95814 CA USA,Entertainment,bulk_entertainment_debit_train_47,train
TICKETMASTER 3716 ELM DR CHICAGO60601 IL USA,Entertainment,bulk_entertainment_debit_train_48,train
PreApproved Payment Bill User Payment: NFL SUNDAY TICKET,Entertainment,bulk_entertainment_debit_train_49,train
SKATING RINK; SERVICE,Entertainment,bulk_entertainment_debit_train_50,train
preauthorized withdrawal to roblox,Entertainment,bulk_entertainment_debit_train_51,train
Payment To: Skating Rink,Entertainment,bulk_entertainment_debit_train_52,train
EXPRESS CHECKOUT PAYMENT: MINI GOLF,Entertainment,bulk_entertainment_debit_train_53,train
Withdrawal From Valve,Entertainment,bulk_entertainment_credit_train_54,train
CLIMBING GYM 6245 BROADWAY AVE TAMPA33601 FL USA,Entertainment,bulk_entertainment_debit_train_55,train
PAYMENT TO: REGAL CINEMAS,Entertainment,bulk_entertainment_debit_train_56,train
Stubhub 1516 Market Ct Queens11101 Ny Usa,Entertainment,bulk_entertainment_debit_train_57,train
AMC THEATRES 1531 MAIN WAY PHILADELPHIA 19101-2888PA USA,Entertainment,bulk_entertainment_debit_train_58,train
XBOX,Entertainment,bulk_entertainment_debit_train_59,train
PAYPAL *AXSTICKETS MI4FLY3RCA,Entertainment,bulk_entertainment_debit_train_60,train
PYPL *FUBOTV,Entertainment,bulk_entertainment_debit_train_61,train
SKATING RINK 6392 BROADWAY PKWY ATLANTA 30301 GA USA,Entertainment,bulk_entertainment_debit_train_62,train
PAYPAL *AMC THEATRES 82P1ZSITDL,Entertainment,bulk_entertainment_debit_train_63,train
AXSTICKETS*D7DK6QHJIJFF,Entertainment,bulk_entertainment_debit_train_64,train
PreApproved Payment Bill User Payment: Laser Tag,Entertainment,bulk_entertainment_debit_train_65,train
ESCAPE ROOM 4784 MAIN CT SAN DIEGO 92101 CA USA,Entertainment,bulk_entertainment_debit_train_66,train
Bowling 6961 Industrial Ct Sacramento95814 Ca Usa,Entertainment,bulk_entertainment_debit_train_67,train
AXSTICKETS 5905 MARKET PKWY NEW YORK10001 NY USA,Entertainment,bulk_entertainment_debit_train_68,train
MLB.TV.COM,Entertainment,bulk_entertainment_debit_train_69,train
PYPL*CINEMARK,Entertainment,bulk_entertainment_debit_train_70,train
driving range - raleigh,Entertainment,bulk_entertainment_debit_train_71,train
Ticketmaster 8360 Market Ln San Francisco 94102-6203ca Usa,Entertainment,bulk_entertainment_debit_train_72,train
TRAMPOLINE PARK 2068 MAIN DR HOUSTON 77001 TX USA,Entertainment,bulk_entertainment_debit_train_73,train
LIVENATION CO,Entertainment,bulk_entertainment_debit_train_74,train
FANDANGO 2815 PARK BLVD UNION CITY94587 CA USA,Entertainment,bulk_entertainment_debit_train_75,train
NINTENDO 8746 MAIN CT UNION CITY 94587-7709CA USA,Entertainment,bulk_entertainment_debit_train_76,train
LIVENATION - SAN DIEGO,Entertainment,bulk_entertainment_debit_train_77,train
BOWLING 7855 MARKET LN UNION CITY94587 CA USA,Entertainment,bulk_entertainment_debit_train_78,train
axstickets 7408 university dr union city 94587 ca usa,Entertainment,bulk_entertainment_debit_train_79,train
PreApproved Payment Bill User Payment: UBISOFT,Entertainment,bulk_entertainment_debit_train_80,train
PAYPAL INST XFER NFL SUNDAY TICKETWEB ID: PAYPALSI92,Entertainment,bulk_entertainment_debit_train_81,train
TOPGOLF 9828 OAK DR CHICAGO60601 IL USA,Entertainment,bulk_entertainment_debit_train_82,train
Mlb.tv - Portland,Entertainment,bulk_entertainment_debit_train_83,train
escape room 6799 broadway st raleigh 27601 nc usa,Entertainment,bulk_entertainment_debit_train_84,train
regal cinemas 7055 oak ln philadelphia 19101-1515pa usa,Entertainment,bulk_entertainment_debit_train_85,train
Mgm Grand 6113 Center Rd Seattle 98101-9968wa Usa,Entertainment,bulk_entertainment_debit_train_86,train
PAYPAL INST XFER AXSTICKETS WEB ID: PAYPALSI97,Entertainment,bulk_entertainment_debit_train_87,train
PREAUTHORIZED WITHDRAWAL TO MINI GOLF,Entertainment,bulk_entertainment_debit_train_88,train
ZOO 9719 ELM DR RALEIGH 27601-1240NC USA,Entertainment,bulk_entertainment_debit_train_89,train
PAYPAL INST XFER EPIC GAMES WEB ID: PAYPALSI63,Entertainment,bulk_entertainment_debit_train_90,train
NBA LEAGUE PASS CO,Entertainment,bulk_entertainment_debit_train_91,train
PAYPAL INST XFER GOLF COURSE WEB ID: PAYPALSI36,Entertainment,bulk_entertainment_debit_train_92,train
HARD ROCK BET ONLINE,Entertainment,bulk_entertainment_debit_train_93,train
DAVE & BUSTER'S 3818 BROADWAY LN ATLANTA30301 GA USA,Entertainment,bulk_entertainment_debit_train_94,train
GOLF COURSE*2CPJ6VJO,Entertainment,bulk_entertainment_debit_train_95,train
PAYPAL INST XFER NBA LEAGUE PASS WEB ID: PAYPALSI11,Entertainment,bulk_entertainment_debit_train_96,train
EA GAMES 7678 MISSION WAY UNION CITY 94587 CA USA,Entertainment,bulk_entertainment_debit_train_97,train
PYPL *DAVE & BUSTER'S,Entertainment,bulk_entertainment_debit_train_98,train
BELLAGIO 8613 MAIN PKWY BOSTON02101 MA USA,Entertainment,bulk_entertainment_debit_train_99,train
DAZN 2823 BROADWAY ST SEATTLE 98101-5574WA USA,Entertainment,bulk_entertainment_debit_train_100,train
trampoline park inc.,Entertainment,bulk_entertainment_debit_train_101,train
AMC THEATRES*NTQ4LX3267Z,Entertainment,bulk_entertainment_debit_train_102,train
Theme Park #762 Tampa,Entertainment,bulk_entertainment_credit_train_103,train
PAYPAL *DRIVING RANGE 4VSD5J3QLL,Entertainment,bulk_entertainment_debit_train_104,train
TOPGOLF 3839 MARKET BLVD FREMONT 94536 CA USA,Entertainment,bulk_entertainment_debit_train_105,train
REGAL CINEMAS 228 MARKET LN AUSTIN 78701-1619TX USA,Entertainment,bulk_entertainment_debit_train_106,train
PAYPAL INST XFER NBA LEAGUE PASS WEB ID: PAYPALSI62,Entertainment,bulk_entertainment_debit_train_107,train
Escape Room Inc,Entertainment,bulk_entertainment_debit_train_108,train
TICKETMASTER; SUBSCRIPTION,Entertainment,bulk_entertainment_debit_train_109,train
PREAPPROVED PAYMENT BILL USER PAYMENT: BOWLING,Entertainment,bulk_entertainment_debit_train_110,train
ESPN+ 4515 OAK LN UNION CITY 94587 CA USA,Entertainment,bulk_entertainment_debit_train_111,train
Square Enix Purchase,Entertainment,bulk_entertainment_debit_train_112,train
PYPL *Mini Golf,Entertainment,bulk_entertainment_debit_train_113,train
WITHDRAWAL FROM RIOT GAMES,Entertainment,bulk_entertainment_debit_train_114,train
PAYPAL INST XFER MINI GOLF WEB ID: PAYPALSI05,Entertainment,bulk_entertainment_debit_train_115,train
BOWLING #0316 SALT LAKE CITY,Entertainment,bulk_entertainment_debit_train_116,train
HARD ROCK BET 8784 MAIN LN PITTSBURGH 15201-5713PA USA,Entertainment,bulk_entertainment_debit_train_117,train
CINEMARK 1522 MISSION ST ATLANTA 30301-7266GA USA,Entertainment,bulk_entertainment_debit_train_118,train
PAYPAL INST XFER LIVENATION WEB ID: PAYPALSI76,Entertainment,bulk_entertainment_debit_train_119,train
PREAUTHORIZED WITHDRAWAL TO MLB.TV,Entertainment,bulk_entertainment_debit_train_120,train
NBA LEAGUE PASS*XQQEUN9L2,Entertainment,bulk_entertainment_debit_train_121,train
PAYMENT TO: DRIVING RANGE,Entertainment,bulk_entertainment_debit_train_122,train
Imax 9359 Park Ave Houston 77001-3175tx Usa,Entertainment,bulk_entertainment_debit_train_123,train
THEME PARK 9810 MAIN ST FREMONT 94536-2405CA USA,Entertainment,bulk_entertainment_debit_train_124,train
WITHDRAWAL FROM GO KART,Entertainment,bulk_entertainment_debit_train_125,train
FANDANGO 370 ELM RD AUSTIN 78701-2840TX USA,Entertainment,bulk_entertainment_debit_train_126,train
ESPN+*7O1UKUPOEAUL,Entertainment,bulk_entertainment_debit_train_127,train
swimming pool 2481 mission rd union city94587 ca usa,Entertainment,bulk_entertainment_debit_train_128,train
Express Checkout Payment: NFL SUNDAY TICKET,Entertainment,bulk_entertainment_debit_train_129,train
LASER TAG 7587 MARKET BLVD MIAMI 33101-9694FL USA,Entertainment,bulk_entertainment_debit_train_130,train
BOVADA ONLINE,Entertainment,bulk_entertainment_debit_train_131,train
PYPL *AXSTICKETS,Entertainment,bulk_entertainment_debit_train_132,train
PAYPAL *PYPL Ticketmaster,Entertainment,bulk_entertainment_debit_train_133,train
Museum Inc,Entertainment,bulk_entertainment_debit_train_134,train
preauthorized withdrawal to blizzard,Entertainment,bulk_entertainment_debit_train_135,train
DAZN 7796 BROADWAY PKWY NEWARK07101 NJ USA,Entertainment,bulk_entertainment_debit_train_136,train
NBA LEAGUE PASS*0BWNO259ZDL5,Entertainment,bulk_entertainment_debit_train_137,train
CINEMARK 2493 OAK PKWY ATLANTA 30301 GA USA,Entertainment,bulk_entertainment_debit_train_138,train
ZOO - OAKLAND,Entertainment,bulk_entertainment_debit_train_139,train
BETRIVERS SPORTSBOOK,Entertainment,bulk_entertainment_debit_train_140,train
Museum 9355 Mission Way Chicago 60601 Il Usa,Entertainment,bulk_entertainment_debit_train_141,train
stubhub #4712 miami,Entertainment,bulk_entertainment_debit_train_142,train
withdrawal from stubhub,Entertainment,bulk_entertainment_debit_train_143,train
Caesars Sportsbook 5715 Broadway Dr Houston 77001-6608tx Usa,Entertainment,bulk_entertainment_debit_train_144,train
REGAL CINEMAS 8220 MAIN PKWY SALT LAKE CITY 84101-6799UT USA,Entertainment,bulk_entertainment_debit_train_145,train
PP*AXSTICKETS,Entertainment,bulk_entertainment_debit_train_146,train
STUBHUB*TJUX34KUXN,Entertainment,bulk_entertainment_debit_train_147,train
FUBOTV.COM,Entertainment,bulk_entertainment_debit_train_148,train
AMC THEATRES 326 UNIVERSITY LN SACRAMENTO95814 CA USA,Entertainment,bulk_entertainment_debit_train_149,train
REGAL CINEMAS*QJGM3FDRFRF,Entertainment,bulk_entertainment_debit_train_150,train
Preauthorized Withdrawal to AMC THEATRES,Entertainment,bulk_entertainment_debit_train_151,train
GO KART*XX79L3XLRG77,Entertainment,bulk_entertainment_debit_train_152,train
AQUARIUM 329 ELM PKWY INDIANAPOLIS46201 IN USA,Entertainment,bulk_entertainment_debit_train_153,train
AQUARIUM*AZJLPZFZ14CZ,Entertainment,bulk_entertainment_debit_train_154,train
Preauthorized Withdrawal To Golf Course,Entertainment,bulk_entertainment_debit_train_155,train
CLIMBING GYM*XO88U09J413C,Entertainment,bulk_entertainment_debit_train_156,train
NFL SUNDAY TICKET*8MK52OIJBG,Entertainment,bulk_entertainment_debit_train_157,train
FUBOTV 6572 UNIVERSITY WAY RALEIGH27601 NC USA,Entertainment,bulk_entertainment_debit_train_158,train
TICKETMASTER #103 ATLANTA,Entertainment,bulk_entertainment_debit_train_159,train
STUBHUB 7620 CENTER DR LAS VEGAS 89101-9790NV USA,Entertainment,bulk_entertainment_debit_train_160,train
MUSEUM 5170 ELM AVE CHICAGO 60601-2985IL USA,Entertainment,bulk_entertainment_debit_train_161,train
THEME PARK 9183 UNIVERSITY ST BROOKLYN 11201 NY USA,Entertainment,bulk_entertainment_debit_train_162,train
TRAMPOLINE PARK 4696 MARKET ST HAYWARD94541 CA USA,Entertainment,bulk_entertainment_debit_train_163,train
axstickets #97368 portland,Entertainment,bulk_entertainment_debit_train_164,train
FANDANGO INC,Entertainment,bulk_entertainment_debit_train_165,train
AQUARIUM - SALT LAKE CITY,Entertainment,bulk_entertainment_credit_train_166,train
HARRAH'S 6733 OAK DR PITTSBURGH 15201 PA USA,Entertainment,bulk_entertainment_debit_train_167,train
FANDANGO 491 MARKET RD COLUMBUS 43201 OH USA,Entertainment,bulk_entertainment_debit_train_168,train
Express Checkout Payment: LASER TAG,Entertainment,bulk_entertainment_debit_train_169,train
PYPL*DAVE & BUSTER'S,Entertainment,bulk_entertainment_debit_train_170,train
PAYPAL *DRIVING RANGE,Entertainment,bulk_entertainment_debit_train_171,train
livenation 814 mission dr salt lake city 84101-3319ut usa,Entertainment,bulk_entertainment_debit_train_172,train
SKATING RINK - HOUSTON,Entertainment,bulk_entertainment_debit_train_173,train
AQUARIUM 9316 ELM LN SAN JOSE 95101-5574CA USA,Entertainment,bulk_entertainment_debit_train_174,train
AMC THEATRES #501 LOS ANGELES,Entertainment,bulk_entertainment_debit_train_175,train
SWIMMING POOL 1674 PARK CT OAKLAND 94601-9406CA USA,Entertainment,bulk_entertainment_debit_train_176,train
Swimming Pool 9666 Park Blvd Orlando 32801-6999fl Usa,Entertainment,bulk_entertainment_debit_train_177,train
ACTIVISION,Entertainment,bulk_entertainment_debit_train_178,train
PYPL*ZOO,Entertainment,bulk_entertainment_debit_train_179,train
GO KART #8595 BROOKLYN,Entertainment,bulk_entertainment_debit_train_180,train
SWIMMING POOL,Entertainment,bulk_entertainment_debit_train_181,train
laser tag co,Entertainment,bulk_entertainment_debit_train_182,train
Stubhub 1986 Center Blvd Miami33101 Fl Usa,Entertainment,bulk_entertainment_debit_train_183,train
NINTENDO 3064 INDUSTRIAL RD LOS ANGELES 90001 CA USA,Entertainment,bulk_entertainment_debit_train_184,train
DAZN 5674 BROADWAY DR COLUMBUS43201 OH USA,Entertainment,bulk_entertainment_debit_train_185,train
NFL SUNDAY TICKET #099 BROOKLYN,Entertainment,bulk_entertainment_debit_train_186,train
BOWLING CO,Entertainment,bulk_entertainment_debit_train_187,train
PAYPAL INST XFER SWIMMING POOL WEB ID: PAYPALSI05,Entertainment,bulk_entertainment_debit_train_188,train
SKATING RINK*K8JWVEGYDM,Entertainment,bulk_entertainment_debit_train_189,train
FANDUEL 5076 PARK WAY INDIANAPOLIS46201 IN USA,Entertainment,bulk_entertainment_debit_train_190,train
NFL SUNDAY TICKET 6065 INDUSTRIAL DR TAMPA 33601 FL USA,Entertainment,bulk_entertainment_debit_train_191,train
theme park 7723 elm pkwy pittsburgh 15201-2621pa usa,Entertainment,bulk_entertainment_credit_train_192,train
PP*BOWLING,Entertainment,bulk_entertainment_debit_train_193,train
GO KART*O5S2OMKK,Entertainment,bulk_entertainment_debit_train_194,train
WITHDRAWAL FROM ROBLOX,Entertainment,bulk_entertainment_debit_train_195,train
Bowling.com,Entertainment,bulk_entertainment_debit_train_196,train
PLAYSTATION 3237 MARKET PKWY PHILADELPHIA 19101-0948PA USA,Entertainment,bulk_entertainment_debit_train_197,train
PAYPAL INST XFER TICKETMASTER WEB ID: PAYPALSI16,Entertainment,bulk_entertainment_debit_train_198,train
DAZN*HNVS6JNM,Entertainment,bulk_entertainment_debit_train_199,train
PYPL*STEAM,Entertainment,bulk_entertainment_debit_train_200,train
MLB.TV 2101 MARKET ST COLUMBUS 43201-2707OH USA,Entertainment,bulk_entertainment_debit_train_201,train
CINEMARK 335 UNIVERSITY WAY FREMONT94536 CA USA,Entertainment,bulk_entertainment_debit_train_202,train
LIVENATION #954 NEW YORK,Entertainment,bulk_entertainment_debit_train_203,train
Express Checkout Payment: LIVENATION,Entertainment,bulk_entertainment_debit_train_204,train
ZOO; CHARGE,Entertainment,bulk_entertainment_debit_train_205,train
DRIVING RANGE 503 OAK ST RALEIGH 27601 NC USA,Entertainment,bulk_entertainment_debit_train_206,train
Driving Range 2416 Elm Ln Salt Lake City84101 Ut Usa,Entertainment,bulk_entertainment_debit_train_207,train
PP*cinemark,Entertainment,bulk_entertainment_debit_train_208,train
SKATING RINK - SAN FRANCISCO,Entertainment,bulk_entertainment_debit_train_209,train
MINI GOLF 2638 INDUSTRIAL WAY ATLANTA 30301-3013GA USA,Entertainment,bulk_entertainment_debit_train_210,train
GO KART; PURCHASE,Entertainment,bulk_entertainment_debit_train_211,train
FANDANGO 7815 PARK WAY SAN DIEGO92101 CA USA,Entertainment,bulk_entertainment_debit_train_212,train
SKATING RINK #70785 SAN JOSE,Entertainment,bulk_entertainment_debit_train_213,train
Dazn 6218 University Way Dallas 75201-1717tx Usa,Entertainment,bulk_entertainment_debit_train_214,train
Trampoline Park 1800 Elm Ln Newark 07101-4842nj Usa,Entertainment,bulk_entertainment_debit_train_215,train
TRAMPOLINE PARK 6627 INDUSTRIAL PKWY QUEENS 11101 NY USA,Entertainment,bulk_entertainment_debit_train_216,train
UBISOFT 04890984,Entertainment,bulk_entertainment_debit_train_217,train
PP*SKATING RINK,Entertainment,bulk_entertainment_debit_train_218,train
epic games 64537048,Entertainment,bulk_entertainment_debit_train_219,train
Preauthorized Withdrawal to TRAMPOLINE PARK,Entertainment,bulk_entertainment_debit_train_220,train
NBA LEAGUE PASS 7388 MAIN AVE MIAMI 33101 FL USA,Entertainment,bulk_entertainment_debit_train_221,train
betmgm 135 mission way nashville 37201-0701tn usa,Entertainment,bulk_entertainment_debit_train_222,train
bungie 8349 broadway ct las vegas89101 nv usa,Entertainment,bulk_entertainment_debit_train_223,train
BUNGIE 5085 PARK CT QUEENS 11101 NY USA,Entertainment,bulk_entertainment_debit_train_224,train
NFL SUNDAY TICKET 732 MISSION AVE QUEENS 11101-9960NY USA,Entertainment,bulk_entertainment_debit_train_225,train
Fandango 7848 Park Rd San Diego 92101-2760ca Usa,Entertainment,bulk_entertainment_debit_train_226,train
pointsbet 1712 market ln miami33101 fl usa,Entertainment,bulk_entertainment_debit_train_227,train
Dazn 2123 Oak Pkwy Phoenix 85001-3766az Usa,Entertainment,bulk_entertainment_debit_train_228,train
Withdrawal From Fandango,Entertainment,bulk_entertainment_debit_train_229,train
zoo; billing,Entertainment,bulk_entertainment_debit_train_230,train
DRIVING RANGE 2359 MARKET AVE BROOKLYN 11201-4730NY USA,Entertainment,bulk_entertainment_debit_train_231,train
Buyer Payment: NFL SUNDAY TICKET,Entertainment,bulk_entertainment_debit_train_232,train
HORSESHOE CASINO 3497 OAK ST PORTLAND 97201 OR USA,Entertainment,bulk_entertainment_debit_train_233,train
PAYPAL *CINEMARK TRTXXN8X9Y,Entertainment,bulk_entertainment_debit_train_234,train
CLIMBING GYM; Billing,Entertainment,bulk_entertainment_debit_train_235,train
PREAUTHORIZED WITHDRAWAL TO DAZN,Entertainment,bulk_entertainment_debit_train_236,train
DRAFTKINGS 6804 UNIVERSITY LN CHICAGO 60601-2369IL USA,Entertainment,bulk_entertainment_debit_train_237,train
GO KART 5827 PARK CT CHARLOTTE 28201-5319NC USA,Entertainment,bulk_entertainment_debit_train_238,train
Imax Inc.,Entertainment,bulk_entertainment_debit_train_239,train
skating rink 943 center pkwy houston 77001-1258tx usa,Entertainment,bulk_entertainment_debit_train_240,train
PreApproved Payment Bill User Payment: TICKETMASTER,Entertainment,bulk_entertainment_credit_train_241,train
GOLF COURSE CORP,Entertainment,bulk_entertainment_debit_train_242,train
DAZN - ATLANTA,Entertainment,bulk_entertainment_debit_train_243,train
BELLAGIO 6154 ELM DR CHICAGO60601 IL USA,Entertainment,bulk_entertainment_debit_train_244,train
go kart; billing,Entertainment,bulk_entertainment_debit_train_245,train
TICKETMASTER INC.,Entertainment,bulk_entertainment_debit_train_246,train
LIVENATION*W692M422C,Entertainment,bulk_entertainment_debit_train_247,train
SWIMMING POOL*ISRL68O3,Entertainment,bulk_entertainment_debit_train_248,train
Fandango - Miami,Entertainment,bulk_entertainment_debit_train_249,train
PP*REGAL CINEMAS,Entertainment,bulk_entertainment_debit_train_250,train
Cinemark Corp,Entertainment,bulk_entertainment_debit_train_251,train
AQUARIUM 7085 ELM CT UNION CITY94587 CA USA,Entertainment,bulk_entertainment_debit_train_252,train
DAZN 3997 INDUSTRIAL WAY COLUMBUS 43201 OH USA,Entertainment,bulk_entertainment_credit_train_253,train
HARD ROCK BET 1140 MAIN AVE CHICAGO60601 IL USA,Entertainment,bulk_entertainment_debit_train_254,train
ESCAPE ROOM 8178 PARK BLVD SEATTLE 98101-7909WA USA,Entertainment,bulk_entertainment_debit_train_255,train
BARSTOOL SPORTSBOOK 639 ELM CT PORTLAND97201 OR USA,Entertainment,bulk_entertainment_debit_train_256,train
FANDANGO 4950 UNIVERSITY AVE SEATTLE 98101 WA USA,Entertainment,bulk_entertainment_debit_train_257,train
IMAX; CHARGE,Entertainment,bulk_entertainment_debit_train_258,train
ESPN+ - HAYWARD,Entertainment,bulk_entertainment_debit_train_259,train
PAYPAL INST XFER CINEMARK WEB ID: PAYPALSI94,Entertainment,bulk_entertainment_debit_train_260,train
ROBLOX GAME,Entertainment,bulk_entertainment_debit_train_261,train
SWIMMING POOL 3073 MISSION AVE HAYWARD94541 CA USA,Entertainment,bulk_entertainment_debit_train_262,train
DRAFTKINGS,Entertainment,bulk_entertainment_debit_train_263,train
Laser Tag 6481 Oak Ln Portland 97201 Or Usa,Entertainment,bulk_entertainment_debit_train_264,train
trampoline park 6292 park dr las vegas 89101-1506nv usa,Entertainment,bulk_entertainment_debit_train_265,train
regal cinemas; billing,Entertainment,bulk_entertainment_debit_train_266,train
PAYPAL INST XFER CLIMBING GYM WEB ID: PAYPALSI23,Entertainment,bulk_entertainment_debit_train_267,train
PAYPAL INST XFER AXSTICKETS WEB ID: PAYPALSI82,Entertainment,bulk_entertainment_debit_train_268,train
TOPGOLF 4841 ELM WAY LOS ANGELES90001 CA USA,Entertainment,bulk_entertainment_debit_train_269,train
laser tag.com,Entertainment,bulk_entertainment_debit_train_270,train
SKATING RINK #08846 AUSTIN,Entertainment,bulk_entertainment_debit_train_271,train
REGAL CINEMAS; SERVICE,Entertainment,bulk_entertainment_debit_train_272,train
CINEMARK 397 BROADWAY CT FREMONT 94536 CA USA,Entertainment,bulk_entertainment_debit_train_273,train
FOXWOODS 4368 UNIVERSITY AVE OAKLAND 94601 CA USA,Entertainment,bulk_entertainment_debit_train_274,train
pointsbet 7348 main blvd portland 97201 or usa,Entertainment,bulk_entertainment_debit_train_275,train
THEME PARK CORP,Entertainment,bulk_entertainment_debit_train_276,train
REGAL CINEMAS*FYTFGKJ8NE5V,Entertainment,bulk_entertainment_debit_train_277,train
PAYPAL *Livenation,Entertainment,bulk_entertainment_debit_train_278,train
PreApproved Payment Bill User Payment: Museum,Entertainment,bulk_entertainment_debit_train_279,train
zoo inc,Entertainment,bulk_entertainment_debit_train_280,train
Paypal *skating Rink 9hu1rxf9ln,Entertainment,bulk_entertainment_debit_train_281,train
PAYPAL *MINI GOLF,Entertainment,bulk_entertainment_debit_train_282,train
HARRAH'S ONLINE,Entertainment,bulk_entertainment_debit_train_283,train
HARD ROCK BET 6668 BROADWAY WAY PITTSBURGH 15201-7362PA USA,Entertainment,bulk_entertainment_debit_train_284,train
SKATING RINK 65072811,Entertainment,bulk_entertainment_debit_train_285,train
hard rock bet deposit,Entertainment,bulk_entertainment_debit_train_286,train
SWIMMING POOL 8052 MARKET DR QUEENS11101 NY USA,Entertainment,bulk_entertainment_debit_train_287,train
FUBOTV #26794 NASHVILLE,Entertainment,bulk_entertainment_debit_train_288,train
SQUARE ENIX 5086 OAK CT SAN DIEGO92101 CA USA,Entertainment,bulk_entertainment_credit_train_289,train
EXPRESS CHECKOUT PAYMENT: FANDANGO,Entertainment,bulk_entertainment_debit_train_290,train
NFL SUNDAY TICKET #0311 PORTLAND,Entertainment,bulk_entertainment_debit_train_291,train
BOWLING 2680 UNIVERSITY DR SAN DIEGO 92101 CA USA,Entertainment,bulk_entertainment_debit_train_292,train
Express Checkout Payment: GO KART,Entertainment,bulk_entertainment_debit_train_293,train
Swimming Pool*3b4d9e3e,Entertainment,bulk_entertainment_debit_train_294,train
PAYPAL INST XFER LIVENATION WEB ID: PAYPALSI52,Entertainment,bulk_entertainment_debit_train_295,train
stubhub 1581 main way queens 11101 ny usa,Entertainment,bulk_entertainment_debit_train_296,train
MLB.TV; SUBSCRIPTION,Entertainment,bulk_entertainment_debit_train_297,train
MOHEGAN SUN DEPOSIT,Entertainment,bulk_entertainment_debit_train_298,train
ESPN+ #174 INDIANAPOLIS,Entertainment,bulk_entertainment_debit_train_299,train
AQUARIUM*GJ45HGDD,Entertainment,bulk_entertainment_debit_train_300,train
THEME PARK; SUBSCRIPTION,Entertainment,bulk_entertainment_debit_train_301,train
CINEMARK #562 RALEIGH,Entertainment,bulk_entertainment_debit_train_302,train
IMAX; PURCHASE,Entertainment,bulk_entertainment_debit_train_303,train
AMC THEATRES 2053 PARK RD TAMPA 33601 FL USA,Entertainment,bulk_entertainment_debit_train_304,train
ESCAPE ROOM; Billing,Entertainment,bulk_entertainment_debit_train_305,train
ESPN+ 6447 MAIN CT SAN JOSE 95101-7730CA USA,Entertainment,bulk_entertainment_debit_train_306,train
MINI GOLF #3172 QUEENS,Entertainment,bulk_entertainment_debit_train_307,train
THEME PARK #4980 HOUSTON,Entertainment,bulk_entertainment_debit_train_308,train
PYPL*AQUARIUM,Entertainment,bulk_entertainment_credit_train_309,train
PREAUTHORIZED WITHDRAWAL TO FANDANGO,Entertainment,bulk_entertainment_debit_train_310,train
MLB.TV; Service,Entertainment,bulk_entertainment_debit_train_311,train
XBOX 4643 UNIVERSITY RD BROOKLYN11201 NY USA,Entertainment,bulk_entertainment_debit_train_312,train
WITHDRAWAL FROM NFL SUNDAY TICKET,Entertainment,bulk_entertainment_debit_train_313,train
livenation 8711 main dr fremont94536 ca usa,Entertainment,bulk_entertainment_debit_train_314,train
DRIVING RANGE CORP,Entertainment,bulk_entertainment_debit_train_315,train
Square Enix.com,Entertainment,bulk_entertainment_debit_train_316,train
CINEMARK #55739 NEW YORK,Entertainment,bulk_entertainment_debit_train_317,train
PP*LIVENATION,Entertainment,bulk_entertainment_debit_train_318,train
PYPL *XBOX,Entertainment,bulk_entertainment_debit_train_319,train
FANDANGO #207 LOS ANGELES,Entertainment,bulk_entertainment_debit_validation_0,validation
DAVE & BUSTER'S,Entertainment,bulk_entertainment_credit_validation_1,validation
mgm grand 1809 oak rd portland 97201 or usa,Entertainment,bulk_entertainment_debit_validation_2,validation
ENCORE 693 PARK CT PORTLAND97201 OR USA,Entertainment,bulk_entertainment_debit_validation_3,validation
IMAX - ATLANTA,Entertainment,bulk_entertainment_debit_validation_4,validation
Ticketmaster 8662 Oak Ave Pittsburgh 15201 Pa Usa,Entertainment,bulk_entertainment_debit_validation_5,validation
PYPL *IMAX,Entertainment,bulk_entertainment_debit_validation_6,validation
paypal *pypl livenation,Entertainment,bulk_entertainment_debit_validation_7,validation
ESPN+ 3899 MISSION AVE DALLAS75201 TX USA,Entertainment,bulk_entertainment_debit_validation_8,validation
Caesars Sportsbook Deposit,Entertainment,bulk_entertainment_debit_validation_9,validation
PreApproved Payment Bill User Payment: THEME PARK,Entertainment,bulk_entertainment_credit_validation_10,validation
CINEMARK #549 LOS ANGELES,Entertainment,bulk_entertainment_debit_validation_11,validation
theme park #6676 hayward,Entertainment,bulk_entertainment_debit_validation_12,validation
PreApproved Payment Bill User Payment: STUBHUB,Entertainment,bulk_entertainment_debit_validation_13,validation
GOLF COURSE 7317 MAIN PKWY INDIANAPOLIS46201 IN USA,Entertainment,bulk_entertainment_debit_validation_14,validation
LASER TAG 800 PARK BLVD FREMONT94536 CA USA,Entertainment,bulk_entertainment_debit_validation_15,validation
TOPGOLF 2287 UNIVERSITY LN CHARLOTTE 28201-1058NC USA,Entertainment,bulk_entertainment_debit_validation_16,validation
WITHDRAWAL FROM CINEMARK,Entertainment,bulk_entertainment_debit_validation_17,validation
SWIMMING POOL - SACRAMENTO,Entertainment,bulk_entertainment_debit_validation_18,validation
BELLAGIO 8884 OAK DR SALT LAKE CITY 84101-5468UT USA,Entertainment,bulk_entertainment_debit_validation_19,validation
LASER TAG 5600 MISSION AVE PHOENIX85001 AZ USA,Entertainment,bulk_entertainment_debit_validation_20,validation
PAYPAL INST XFER MUSEUM WEB ID: PAYPALSI10,Entertainment,bulk_entertainment_debit_validation_21,validation
PreApproved Payment Bill User Payment: Nba League Pass,Entertainment,bulk_entertainment_debit_validation_22,validation
NFL SUNDAY TICKET 9612 BROADWAY ST HOUSTON 77001-8452TX USA,Entertainment,bulk_entertainment_debit_validation_23,validation
IMAX 6196 OAK LN LAS VEGAS 89101 NV USA,Entertainment,bulk_entertainment_debit_validation_24,validation
MINI GOLF 8795 ELM ST SEATTLE98101 WA USA,Entertainment,bulk_entertainment_debit_validation_25,validation
Dazn 1573 Broadway Ct Atlanta 30301-4991ga Usa,Entertainment,bulk_entertainment_debit_validation_26,validation
DAZN 6184 MISSION CT BROOKLYN11201 NY USA,Entertainment,bulk_entertainment_debit_validation_27,validation
BOWLING 1681 PARK CT OAKLAND 94601 CA USA,Entertainment,bulk_entertainment_debit_validation_28,validation
TOPGOLF,Entertainment,bulk_entertainment_credit_validation_29,validation
BOWLING #39429 BROOKLYN,Entertainment,bulk_entertainment_debit_validation_30,validation
ACTIVISION INC,Entertainment,bulk_entertainment_debit_validation_31,validation
NBA LEAGUE PASS INC.,Entertainment,bulk_entertainment_debit_validation_32,validation
pointsbet 2589 industrial rd union city 94587-9251ca usa,Entertainment,bulk_entertainment_debit_validation_33,validation
Preauthorized Withdrawal To Bowling,Entertainment,bulk_entertainment_debit_validation_34,validation
SQUARE ENIX GAME,Entertainment,bulk_entertainment_debit_validation_35,validation
FANDANGO; PURCHASE,Entertainment,bulk_entertainment_debit_validation_36,validation
PP*GO KART,Entertainment,bulk_entertainment_debit_validation_37,validation
PAYPAL *GO KART H25GWMWH7A,Entertainment,bulk_entertainment_debit_validation_38,validation
PreApproved Payment Bill User Payment: DAVE & BUSTER'S,Entertainment,bulk_entertainment_debit_validation_39,validation
paypal *blizzard a372nvsqkw,Entertainment,bulk_entertainment_debit_test_0,test
PYPL *livenation,Entertainment,bulk_entertainment_debit_test_1,test
LASER TAG #671 QUEENS,Entertainment,bulk_entertainment_debit_test_2,test
EPIC GAMES PURCHASE,Entertainment,bulk_entertainment_credit_test_3,test
DAVE & BUSTER'S INC,Entertainment,bulk_entertainment_debit_test_4,test
AXSTICKETS 1148 BROADWAY DR BROOKLYN11201 NY USA,Entertainment,bulk_entertainment_debit_test_5,test
UBISOFT GAME,Entertainment,bulk_entertainment_credit_test_6,test
TRAMPOLINE PARK - SALT LAKE CITY,Entertainment,bulk_entertainment_debit_test_7,test
BOWLING 8679 OAK AVE SALT LAKE CITY 84101-5533UT USA,Entertainment,bulk_entertainment_debit_test_8,test
dave & buster's 302 main ave phoenix85001 az usa,Entertainment,bulk_entertainment_credit_test_9,test
PYPL*LIVENATION,Entertainment,bulk_entertainment_debit_test_10,test
LASER TAG*VK6B3L5XI,Entertainment,bulk_entertainment_debit_test_11,test
PAYPAL INST XFER NBA LEAGUE PASS WEB ID: PAYPALSI54,Entertainment,bulk_entertainment_debit_test_12,test
NFL SUNDAY TICKET INC.,Entertainment,bulk_entertainment_debit_test_13,test
UBISOFT - AUSTIN,Entertainment,bulk_entertainment_debit_test_14,test
GOLF COURSE 9763 OAK BLVD HAYWARD94541 CA USA,Entertainment,bulk_entertainment_debit_test_15,test
ESPN+; PAYMENT,Entertainment,bulk_entertainment_debit_test_16,test
Subscription Payment: Aquarium,Entertainment,bulk_entertainment_debit_test_17,test
ACTIVISION - COLUMBUS,Entertainment,bulk_entertainment_debit_test_18,test
WYNN ONLINE,Entertainment,bulk_entertainment_debit_test_19,test
BELLAGIO 5748 MAIN CT PHILADELPHIA 19101 PA USA,Entertainment,bulk_entertainment_debit_test_20,test
CLIMBING GYM #8502 NEW YORK,Entertainment,bulk_entertainment_debit_test_21,test
PreApproved Payment Bill User Payment: FUBOTV,Entertainment,bulk_entertainment_debit_test_22,test
DAVE & BUSTER'S 1942 PARK ST NASHVILLE 37201-5665TN USA,Entertainment,bulk_entertainment_debit_test_23,test
skating rink - indianapolis,Entertainment,bulk_entertainment_debit_test_24,test
axstickets #190 san diego,Entertainment,bulk_entertainment_debit_test_25,test
TOPGOLF 4533 INDUSTRIAL BLVD NEW YORK 10001-4643NY USA,Entertainment,bulk_entertainment_credit_test_26,test
TOPGOLF INC,Entertainment,bulk_entertainment_debit_test_27,test
IMAX*DEEFSBMF3K9,Entertainment,bulk_entertainment_debit_test_28,test
MOHEGAN SUN ONLINE,Entertainment,bulk_entertainment_debit_test_29,test
PAYPAL INST XFER SKATING RINK WEB ID: PAYPALSI84,Entertainment,bulk_entertainment_debit_test_30,test
bungie,Entertainment,bulk_entertainment_debit_test_31,test
ENCORE ONLINE,Entertainment,bulk_entertainment_debit_test_32,test
CLIMBING GYM 996 CENTER AVE UNION CITY 94587 CA USA,Entertainment,bulk_entertainment_credit_test_33,test
fubotv inc.,Entertainment,bulk_entertainment_debit_test_34,test
STUBHUB #116 PHILADELPHIA,Entertainment,bulk_entertainment_debit_test_35,test
AXSTICKETS #35106 DENVER,Entertainment,bulk_entertainment_debit_test_36,test
DAZN 6956 MARKET LN NASHVILLE 37201 TN USA,Entertainment,bulk_entertainment_debit_test_37,test
Withdrawal From Climbing Gym,Entertainment,bulk_entertainment_debit_test_38,test
Theme Park,Entertainment,bulk_entertainment_debit_test_39,test
MARKET BASKET - LAS VEGAS,Food,bulk_food_credit_train_0,train
Texas Roadhouse 9336 Center Rd Houston 77001-5042tx Usa,Food,bulk_food_debit_train_1,train
PAYPAL *KURA SUSHI CUVFT1WM7X,Food,bulk_food_debit_train_2,train
SAM'S CLUB 4774 ELM DR DALLAS 75201 TX USA,Food,bulk_food_debit_train_3,train
wholefds #477 charlott,Food,bulk_food_debit_train_4,train
CLV*RUTH'S CHRIS #152,Food,bulk_food_debit_train_5,train
TST*Fresh Food Co #472,Food,bulk_food_debit_train_6,train
CASA OLE*TUCN5CVA1OJ,Food,bulk_food_debit_train_7,train
99 RANCH*L07I5LJOVYG,Food,bulk_food_debit_train_8,train
H-E-B 1542 MAIN LN NEWARK 07101-6333NJ USA,Food,bulk_food_debit_train_9,train
PYPL*MEIJER,Food,bulk_food_debit_train_10,train
MITSUWA HOU #80170,Food,bulk_food_debit_train_11,train
SEOUL GARDEN - BOSTON,Food,bulk_food_debit_train_12,train
Grocery Outlet 2842 Main Dr San Jose95101 Ca Usa,Food,bulk_food_debit_train_13,train
PAYPAL INST XFER GEN KOREAN BBQ WEB ID: PAYPALSI28,Food,bulk_food_debit_train_14,train
TACO CABANA 7754 BROADWAY BLVD QUEENS 11101-6111NY USA,Food,bulk_food_debit_train_15,train
LUCKY 5559 MARKET ST SAN DIEGO92101 CA USA,Food,bulk_food_debit_train_16,train
COSTCO WHSE 3120 BROADWAY RD NEW YORK 10001-0166NY USA,Food,bulk_food_debit_train_17,train
Taco Bell #001 Charlotte,Food,bulk_food_debit_train_18,train
FRESH MARKET 8863 PARK RD BROOKLYN 11201-0290NY USA,Food,bulk_food_debit_train_19,train
PYPL*RANCH 99,Food,bulk_food_debit_train_20,train
ethiopian restaurant - houston,Food,bulk_food_debit_train_21,train
SZECHUAN PALACE - ORLANDO,Food,bulk_food_debit_train_22,train
Preapproved Payment Bill User Payment: Burger King,Food,bulk_food_debit_train_23,train
Giant Eagle 3975 Broadway Blvd Salt Lake City 84101-5800ut Usa,Food,bulk_food_debit_train_24,train
SQ *NOODLE HOUSE - NEWARK,Food,bulk_food_debit_train_25,train
RALPH'S 2392 PARK RD AUSTIN78701 TX USA,Food,bulk_food_debit_train_26,train
SQ *ICHIRAN RAMEN - FREMONT,Food,bulk_food_debit_train_27,train
TST*chipotle,Food,bulk_food_debit_train_28,train
Natural Por #633,Food,bulk_food_debit_train_29,train
RAISINGCANES MIAMI,Food,bulk_food_debit_train_30,train
WHOLE FOODS 178 BROADWAY BLVD CHICAGO 60601-2971IL USA,Food,bulk_food_debit_train_31,train
fresh market 6201 new york,Food,bulk_food_debit_train_32,train
NATURALGR OAK #1067,Food,bulk_food_debit_train_33,train
TOO GOOD TO GO*PZF16S3D0,Food,bulk_food_debit_train_34,train
KBBQ HOUSE 5880 PARK AVE PORTLAND 97201 OR USA,Food,bulk_food_debit_train_35,train
SAFEWAY - NEW YORK,Food,bulk_food_debit_train_36,train
Northgate Market 0654 Raleigh,Food,bulk_food_debit_train_37,train
TOO GOOD TO GO #7313 OAKLAND,Food,bulk_food_debit_train_38,train
PYPL*DAVE'S HOT CHICKEN,Food,bulk_food_debit_train_39,train
H-E-B 9821 OAKLAND,Food,bulk_food_debit_train_40,train
GIANT EAGLE #913,Food,bulk_food_debit_train_41,train
shake shack*bb0sq0n5dye,Food,bulk_food_debit_train_42,train
JACK IN THE BOX DENVER 8956,Food,bulk_food_debit_train_43,train
Philz Coffee 4206 Market Dr Raleigh 27601 Nc Usa,Food,bulk_food_debit_train_44,train
HARRIS TEETER 347 INDUSTRIAL DR ORLANDO 32801-0694FL USA,Food,bulk_food_debit_train_45,train
intelligentsia 4585 elm dr brooklyn 11201 ny usa,Food,bulk_food_debit_train_46,train
WINCO FOODS 2343 SAN JOSE,Food,bulk_food_debit_train_47,train
EL POLLO LOCO 8768 PARK CT AUSTIN 78701 TX USA,Food,bulk_food_debit_train_48,train
WINCO FOODS 2604 ATLANTA,Food,bulk_food_debit_train_49,train
SMART AND FINAL 9483 BROADWAY DR NEW YORK 10001-3221NY USA,Food,bulk_food_debit_train_50,train
MEIJER BRO #4265,Food,bulk_food_debit_train_51,train
GROCOUTLT #31152 RALEIGH,Food,bulk_food_debit_train_52,train
STOP & SHOP - SACRAMENTO,Food,bulk_food_debit_train_53,train
ARBY'S 2727 MAIN BLVD HAYWARD94541 CA USA,Food,bulk_food_debit_train_54,train
RANCH 99*LQOAS2F05H,Food,bulk_food_debit_train_55,train
RALPHS NEW #9646,Food,bulk_food_credit_train_56,train
Sam's Club #462 San Jose,Food,bulk_food_debit_train_57,train
H-E-B 7266 MARKET AVE DALLAS 75201 TX USA,Food,bulk_food_debit_train_58,train
Jollibee 6968 Broadway Pkwy Pittsburgh 15201 Pa Usa,Food,bulk_food_debit_train_59,train
LUCKY 6942 DALLAS,Food,bulk_food_debit_train_60,train
HIMALAYAN KITCHEN #966 HAYWARD,Food,bulk_food_debit_train_61,train
CULVER'S #850 CHICAGO,Food,bulk_food_debit_train_62,train
NATURAL GROCERS 8622 INDUSTRIAL WAY AUSTIN 78701-8244TX USA,Food,bulk_food_debit_train_63,train
HIMALAYAN KITCHEN #3676 PORTLAND,Food,bulk_food_debit_train_64,train
PANDA EXPRESS MINNEAPOLIS 0731,Food,bulk_food_debit_train_65,train
Fresh Market 4990 Dallas,Food,bulk_food_debit_train_66,train
POPEYES 5593 MISSION CT NEWARK 07101-5202NJ USA,Food,bulk_food_debit_train_67,train
ALBERTSONS #1330,Food,bulk_food_debit_train_68,train
SUBSCRIPTION PAYMENT: DIM SUM KING,Food,bulk_food_debit_train_69,train
PANDA GARDEN*RZ7IVCQ1F66,Food,bulk_food_debit_train_70,train
Payment To: Nando's,Food,bulk_food_debit_train_71,train
PYPL*SHARETEA,Food,bulk_food_debit_train_72,train
TAISHOKEN RAMEN #5563 ORLANDO,Food,bulk_food_debit_train_73,train
IN-N-OUT PITTSBURGH 6925,Food,bulk_food_debit_train_74,train
RALPH'S 9396 HAYWARD,Food,bulk_food_debit_train_75,train
PAYPAL INST XFER GRUBHUB WEB ID: PAYPALSI20,Food,bulk_food_debit_train_76,train
H-E-B #452 PORTLAND,Food,bulk_food_debit_train_77,train
freddy's - phoenix,Food,bulk_food_debit_train_78,train
BJ'S WHOLESALE 8656 OAK DR PORTLAND 97201 OR USA,Food,bulk_food_debit_train_79,train
TST* DIM SUM KING #511,Food,bulk_food_debit_train_80,train
SMARTFINAL #03 LOS ANGE,Food,bulk_food_debit_train_81,train
TST*ONO HAWAIIAN BBQ #675,Food,bulk_food_debit_train_82,train
cardenas 9831 oak st hayward94541 ca usa,Food,bulk_food_debit_train_83,train
CLV*CHIPOTLE,Food,bulk_food_debit_train_84,train
SQ *THE FOOD COURT - DENVER,Food,bulk_food_debit_train_85,train
BURGER KING 2972 CENTER DR OAKLAND94601 CA USA,Food,bulk_food_debit_train_86,train
PAYPAL INST XFER POSTMATES WEB ID: PAYPALSI28,Food,bulk_food_debit_train_87,train
OLIVE GARDEN*C8TZP14WH1Q,Food,bulk_food_debit_train_88,train
TIKKA MASALA - OAKLAND,Food,bulk_food_debit_train_89,train
TACO BELL - HOUSTON,Food,bulk_food_debit_train_90,train
PREAPPROVED PAYMENT BILL USER PAYMENT: FRESH MARKET,Food,bulk_food_debit_train_91,train
SPROUTS 9698 BROOKLYN,Food,bulk_food_debit_train_92,train
ICHIRAN RAMEN #5911 MIAMI,Food,bulk_food_debit_train_93,train
Culver's - Tampa,Food,bulk_food_debit_train_94,train
DUNKIN DONUTS 5796 PARK ST HAYWARD 94541-0629CA USA,Food,bulk_food_debit_train_95,train
PUBLIX ATL #426,Food,bulk_food_debit_train_96,train
Bjswhol #511,Food,bulk_food_debit_train_97,train
SMART AND FINAL 883 PARK CT BOSTON02101 MA USA,Food,bulk_food_debit_train_98,train
PAYPAL INST XFER IN-N-OUT WEB ID: PAYPALSI44,Food,bulk_food_debit_train_99,train
paypal *seoul garden pkx5ifmjwi,Food,bulk_food_debit_train_100,train
wholefds fre #885 orlando,Food,bulk_food_debit_train_101,train
RUTH'S CHRIS - PHILADELPHIA,Food,bulk_food_debit_train_102,train
WHOLEFDS #21 BOSTON,Food,bulk_food_debit_train_103,train
TST* CHEESECAKE FACTORY - SAN DIEGO,Food,bulk_food_debit_train_104,train
PAYPAL *CASA OLE 1SW2C2292U,Food,bulk_food_debit_train_105,train
RUTH'S CHRIS #841 DENVER,Food,bulk_food_debit_train_106,train
market basket 4649 columbus,Food,bulk_food_debit_train_107,train
Sakura Sushi,Food,bulk_food_debit_train_108,train
KRISPY KREME 8691 PARK WAY HOUSTON 77001 TX USA,Food,bulk_food_debit_train_109,train
ALBERTSONS*3PQX3SB1,Food,bulk_food_debit_train_110,train
BUFFALO WILD WINGS 74448649,Food,bulk_food_debit_train_111,train
DENNY'S - LAS VEGAS,Food,bulk_food_debit_train_112,train
SQ *STOP & SHOP,Food,bulk_food_debit_train_113,train
CLV*THE HABIT BURGER,Food,bulk_food_debit_train_114,train
MARUGAME UDON #12601 NEW YORK,Food,bulk_food_debit_train_115,train
PP*Food Lion,Food,bulk_food_debit_train_116,train
WHOLEFDS #37528 FREMONT,Food,bulk_food_debit_train_117,train
Texas Roadhouse 848 University Ct Orlando32801 Fl Usa,Food,bulk_food_debit_train_118,train
dave's hot chicken san diego 3153,Food,bulk_food_debit_train_119,train
Haidilao #049 Tampa,Food,bulk_food_debit_train_120,train
whole foods #47250 new york,Food,bulk_food_debit_train_121,train
365 MARKET 9025 BROOKLYN,Food,bulk_food_debit_train_122,train
DUNKIN DONUTS*894AMX7SMI,Food,bulk_food_debit_train_123,train
CLV*Mendocino Farms - SEATTLE,Food,bulk_food_debit_train_124,train
PANDA GARDEN 9871 UNIVERSITY PKWY TAMPA33601 FL USA,Food,bulk_food_debit_train_125,train
MI PUEBLO 062315,Food,bulk_food_debit_train_126,train
PAYPAL INST XFER HAIDILAO WEB ID: PAYPALSI05,Food,bulk_food_debit_train_127,train
BJ'S WHOLESALE 2199 PARK CT SAN JOSE 95101-4745CA USA,Food,bulk_food_debit_train_128,train
SEAFOOD CITY 1503 PORTLAND,Food,bulk_food_debit_train_129,train
TST* BOBA TEA HOUSE - OAKLAND,Food,bulk_food_debit_train_130,train
TST*the kitchen table - SEATTLE,Food,bulk_food_debit_train_131,train
FATBURGER 9827 INDUSTRIAL LN CHARLOTTE 28201-9984NC USA,Food,bulk_food_debit_train_132,train
KRISPY KREME 7388 UNIVERSITY WAY INDIANAPOLIS46201 IN USA,Food,bulk_food_debit_train_133,train
CLV*CURRY HOUSE - PORTLAND,Food,bulk_food_debit_train_134,train
HARRIS TEETER 5286 PARK BLVD SALT LAKE CITY 84101 UT USA,Food,bulk_food_debit_train_135,train
SAVEMART #52396 DENVER,Food,bulk_food_debit_train_136,train
Mochinut*vstjrdo4m,Food,bulk_food_debit_train_137,train
HAIDILAO 8429 UNIVERSITY PKWY UNION CITY94587 CA USA,Food,bulk_food_debit_train_138,train
LUCKY SAN #672,Food,bulk_food_debit_train_139,train
EL TORITO #107 DALLAS,Food,bulk_food_debit_train_140,train
PAYPAL INST XFER DUNKIN WEB ID: PAYPALSI49,Food,bulk_food_debit_train_141,train
PAYPAL *MING'S KITCHEN WFNI7VZXUZ,Food,bulk_food_debit_train_142,train
CLV*PEKING DUCK HOUSE #384,Food,bulk_food_debit_train_143,train
LION SUPERMARKET 837249,Food,bulk_food_debit_train_144,train
SUBSCRIPTION PAYMENT: DIN TAI FUNG,Food,bulk_food_debit_train_145,train
h-e-b 7844 san francisco,Food,bulk_food_debit_train_146,train
PAYPAL INST XFER CRACKER BARREL WEB ID: PAYPALSI04,Food,bulk_food_debit_train_147,train
harris teeter 3454 main rd philadelphia19101 pa usa,Food,bulk_food_debit_train_148,train
DUNKIN 3768 PARK CT FREMONT 94536-5819CA USA,Food,bulk_food_debit_train_149,train
SQ *POKE BOWL #980,Food,bulk_food_debit_train_150,train
RANCH 99 6404 MARKET CT NEWARK 07101 NJ USA,Food,bulk_food_debit_train_151,train
LIONSUPERM BRO #52861,Food,bulk_food_debit_train_152,train
NORTHGATE MARKET #05323 SACRAMENTO,Food,bulk_food_debit_train_153,train
WEGMANS 8702 MARKET ST UNION CITY94587 CA USA,Food,bulk_food_debit_train_154,train
DIN TAI FUNG - DALLAS,Food,bulk_food_debit_train_155,train
PAYPAL INST XFER FRESH MARKET WEB ID: PAYPALSI28,Food,bulk_food_debit_train_156,train
PANDAEXPRESS SALT LAKE CITY,Food,bulk_food_debit_train_157,train
KUNG FU TEA,Food,bulk_food_debit_train_158,train
PAYPAL *ALBERTSONS XQEPQFO5ZN,Food,bulk_food_debit_train_159,train
Smart And Final 5843 Oak Blvd Pittsburgh 15201 Pa Usa,Food,bulk_food_debit_train_160,train
Bombay Spice 1864 Center Way Orlando 32801 Fl Usa,Food,bulk_food_debit_train_161,train
lion supermarket 1907 san jose,Food,bulk_food_debit_train_162,train
CASA OLE 6502 OAK LN MIAMI 33101 FL USA,Food,bulk_food_debit_train_163,train
CARDENAS 9864 LOS ANGELES,Food,bulk_food_debit_train_164,train
BURGER KING #084 PORTLAND,Food,bulk_food_debit_train_165,train
RALPH'S 2775 ELM CT HAYWARD 94541 CA USA,Food,bulk_food_debit_train_166,train
TST* green market cafe,Food,bulk_food_debit_train_167,train
FOOD 4 LESS 8407 AUSTIN,Food,bulk_food_debit_train_168,train
ALBERTSONS 9815 LOS ANGELES,Food,bulk_food_debit_train_169,train
Tacos El Gordo 4847 Elm Ct San Francisco 94102 Ca Usa,Food,bulk_food_debit_train_170,train
piggly wiggly 9180 elm way atlanta 30301-8895ga usa,Food,bulk_food_debit_train_171,train
harrist orl #37240,Food,bulk_food_debit_train_172,train
DIM SUM KING 8297 MAIN CT MINNEAPOLIS 55401 MN USA,Food,bulk_food_debit_train_173,train
Albertsons 1468 Union City,Food,bulk_food_debit_train_174,train
SEAFOOD CITY 7551 FREMONT,Food,bulk_food_debit_train_175,train
CLV*FARM HOUSE KITCHEN,Food,bulk_food_debit_train_176,train
PAYMENT TO: WENDY'S,Food,bulk_food_debit_train_177,train
TAISHOKEN RAMEN - SAN DIEGO,Food,bulk_food_debit_train_178,train
TST* RED LOBSTER #327,Food,bulk_food_debit_train_179,train
TST*KUNG FU TEA - INDIANAPOLIS,Food,bulk_food_debit_train_180,train
COSTCO WHSE 6248 INDUSTRIAL BLVD SEATTLE98101 WA USA,Food,bulk_food_debit_train_181,train
JERK CHICKEN*GFRSHDJC97,Food,bulk_food_debit_train_182,train
Seafood City 4044 University Ct Brooklyn 11201 Ny Usa,Food,bulk_food_debit_train_183,train
FRESH MARKET 2549 MISSION CT PHILADELPHIA 19101 PA USA,Food,bulk_food_debit_train_184,train
PAYPAL *VONS WLLU2CMR6L,Food,bulk_food_debit_train_185,train
Kbbq House #93886 San Jose,Food,bulk_food_debit_train_186,train
Stop & Shop*apfdal2a,Food,bulk_food_debit_train_187,train
NATURAL GROCERS 7652 ELM PKWY SAN FRANCISCO94102 CA USA,Food,bulk_food_debit_train_188,train
SMARTFINAL #967 RALEIGH,Food,bulk_food_debit_train_189,train
CHICKFILA SAN DIEGO,Food,bulk_food_debit_train_190,train
PYPL*marukai,Food,bulk_food_debit_train_191,train
RALLY'S,Food,bulk_food_debit_train_192,train
HABIT BURGER 7812 PARK LN DALLAS75201 TX USA,Food,bulk_food_debit_train_193,train
SONIC - PITTSBURGH,Food,bulk_food_debit_train_194,train
Applebee's 7456 Market Ave Los Angeles90001 Ca Usa,Food,bulk_food_debit_train_195,train
SONIC 6229 UNIVERSITY WAY NEW YORK 10001-5493NY USA,Food,bulk_food_debit_train_196,train
CHIPOTLE 9481 ELM ST INDIANAPOLIS46201 IN USA,Food,bulk_food_debit_train_197,train
TST*fatburger,Food,bulk_food_debit_train_198,train
MASTER SHIN - BROOKLYN,Food,bulk_food_debit_train_199,train
ralphs hay #55094,Food,bulk_food_debit_train_200,train
CLV*BBQ PIT - DALLAS,Food,bulk_food_debit_train_201,train
SMART AND FINAL #4793 FREMONT,Food,bulk_food_debit_train_202,train
KEBAB PALACE #788 NEWARK,Food,bulk_food_debit_train_203,train
SHAWS AUS #26320,Food,bulk_food_debit_train_204,train
Stop & Shop 723 University Pkwy Dallas 75201 Tx Usa,Food,bulk_food_debit_train_205,train
CHINA WOK #2557 NASHVILLE,Food,bulk_food_debit_train_206,train
FRESH MARKET 2053 AUSTIN,Food,bulk_food_debit_train_207,train
SAVEMART #75556 CHARLOTT,Food,bulk_food_debit_train_208,train
HARRISTEET HAY #007,Food,bulk_food_debit_train_209,train
SAVEMART 4995 NEWARK,Food,bulk_food_debit_train_210,train
HAIDILAO #01570 LOS ANGELES,Food,bulk_food_debit_train_211,train
SPROUTS SAC #802,Food,bulk_food_debit_train_212,train
preapproved payment bill user payment: china wok,Food,bulk_food_debit_train_213,train
Natural Grocers 7955,Food,bulk_food_credit_train_214,train
TST* soup kitchen - NEW YORK,Food,bulk_food_debit_train_215,train
KROGER 6091 MAIN ST TAMPA 33601 FL USA,Food,bulk_food_debit_train_216,train
TRADERJOES #67737,Food,bulk_food_debit_train_217,train
PAYPAL *IHOP 783XJHFNGL,Food,bulk_food_debit_train_218,train
RALLY'S - ATLANTA,Food,bulk_food_debit_train_219,train
IN-N-OUT 4287 CENTER RD BROOKLYN 11201-2633NY USA,Food,bulk_food_debit_train_220,train
WINGSTOP NEWARK,Food,bulk_food_debit_train_221,train
COSTCO WHSE 2366 MISSION CT TAMPA 33601 FL USA,Food,bulk_food_debit_train_222,train
PORTILLO'S - UNION CITY,Food,bulk_food_debit_train_223,train
HARRIS TEETER #94216 RALEIGH,Food,bulk_food_debit_train_224,train
DOORDASH*HAIDILAO,Food,bulk_food_debit_train_225,train
shaw's 3392 san diego,Food,bulk_food_debit_train_226,train
PAYPAL *P.F. CHANG'S 73PAOMLS6Z,Food,bulk_food_debit_train_227,train
WINGSTOP DENVER,Food,bulk_food_debit_train_228,train
PAYPAL *CARIBOU COFFEE Q9K0SFQTF6,Food,bulk_food_debit_train_229,train
Sushi Spot 6049 Market Rd Dallas 75201-4448tx Usa,Food,bulk_food_debit_train_230,train
BUYER PAYMENT: SHARETEA,Food,bulk_food_debit_train_231,train
NANDO'S 8898 UNIVERSITY ST COLUMBUS43201 OH USA,Food,bulk_food_debit_train_232,train
BJSWHOLESA #8008,Food,bulk_food_debit_train_233,train
CLV*KEBAB PALACE,Food,bulk_food_debit_train_234,train
SUBSCRIPTION PAYMENT: LION SUPERMARKET,Food,bulk_food_debit_train_235,train
DAVE'S HOT CHICKEN SAN JOSE 1945,Food,bulk_food_debit_train_236,train
RALPH'S 2027 BROADWAY ST NASHVILLE37201 TN USA,Food,bulk_food_debit_train_237,train
DUNKIN 83773,Food,bulk_food_debit_train_238,train
KROGER 1256 UNION CITY,Food,bulk_food_debit_train_239,train
PAYPAL *IPPUDO WH72OWM97O,Food,bulk_food_debit_train_240,train
FOOD 4 LESS 7313 ORLANDO,Food,bulk_food_debit_train_241,train
MARUGAME UDON*W2I4UW1R,Food,bulk_food_debit_train_242,train
MARUGAME UDON #43436 ORLANDO,Food,bulk_food_credit_train_243,train
FRESH MARKET #054 DALLAS,Food,bulk_food_debit_train_244,train
PAYPAL INST XFER CARIBOU COFFEE WEB ID: PAYPALSI23,Food,bulk_food_debit_train_245,train
LUCKY 6801 MAIN AVE LAS VEGAS 89101-0087NV USA,Food,bulk_food_debit_train_246,train
GIANT EAGLE 2644 CENTER ST OAKLAND 94601-7265CA USA,Food,bulk_food_debit_train_247,train
FOOD 4 LESS 6160 PARK BLVD BOSTON02101 MA USA,Food,bulk_food_debit_train_248,train
RALPH'S 4613 OAK DR AUSTIN 78701 TX USA,Food,bulk_food_debit_train_249,train
SAFEWAY #980,Food,bulk_food_debit_train_250,train
BJ'S WHOLESALE #6298 SALT LAKE CITY,Food,bulk_food_debit_train_251,train
PYPL*P.F. CHANG'S,Food,bulk_food_debit_train_252,train
WHOLEFDS #1512 TAMPA,Food,bulk_food_debit_train_253,train
FRESH MARKET #68006 LAS VEGAS,Food,bulk_food_debit_train_254,train
Albertsons 9658 Oak Pkwy Columbus43201 Oh Usa,Food,bulk_food_debit_train_255,train
DOORDASH*FALAFEL DRIVE-IN,Food,bulk_food_debit_train_256,train
PAYPAL *H Mart,Food,bulk_food_debit_train_257,train
CLV*Crepe Bar - LOS ANGELES,Food,bulk_food_debit_train_258,train
Gianteagl #7810,Food,bulk_food_debit_train_259,train
WHOLEFDS FRE #91714 NASHVILL,Food,bulk_food_debit_train_260,train
SPROUTS 2517 BROADWAY PKWY DALLAS 75201-5030TX USA,Food,bulk_food_debit_train_261,train
ASIAN SUPERMARKET 3713 CENTER LN AUSTIN 78701-2266TX USA,Food,bulk_food_debit_train_262,train
FOOD 4 LESS 4306 PHOENIX,Food,bulk_food_debit_train_263,train
ranch 99 #7131 san francisco,Food,bulk_food_debit_train_264,train
MEIJER - COLUMBUS,Food,bulk_food_debit_train_265,train
STOP&SH NAS #8587,Food,bulk_food_debit_train_266,train
Tikka Masala 4765 Elm Rd Fremont 94536-1435ca Usa,Food,bulk_food_debit_train_267,train
PAYPAL INST XFER INTELLIGENTSIA WEB ID: PAYPALSI01,Food,bulk_food_debit_train_268,train
CARDENAS*LFTFPJ7MT19,Food,bulk_food_debit_train_269,train
Luigi's Pizza*9s375dc68ufe,Food,bulk_food_debit_train_270,train
WHOLE FOODS 8622 OAK DR SAN JOSE 95101 CA USA,Food,bulk_food_debit_train_271,train
MI PUEBLO*1U3BWKZ8,Food,bulk_food_debit_train_272,train
DEL TACO 7477 CENTER LN NASHVILLE 37201-4763TN USA,Food,bulk_food_debit_train_273,train
VONS ATL #607,Food,bulk_food_debit_train_274,train
IPPUDO #592 COLUMBUS,Food,bulk_food_debit_train_275,train
PAYPAL INST XFER JOLLIBEE WEB ID: PAYPALSI12,Food,bulk_food_debit_train_276,train
HUNAN GARDEN #576 PITTSBURGH,Food,bulk_food_debit_train_277,train
TRADERJOES #06762 BOSTON,Food,bulk_food_debit_train_278,train
CLV*SMASHBURGER - COLUMBUS,Food,bulk_food_debit_train_279,train
WOK EXPRESS*J0TX50WL,Food,bulk_food_debit_train_280,train
WINCO FOODS 4363 NASHVILLE,Food,bulk_food_debit_train_281,train
MI PUEBLO 5214 PARK LN MIAMI33101 FL USA,Food,bulk_food_debit_train_282,train
LUCKY 5647 PARK RD CHARLOTTE 28201 NC USA,Food,bulk_food_debit_train_283,train
TRADER JOE'S 6110 PARK PKWY SAN DIEGO 92101-0186CA USA,Food,bulk_food_debit_train_284,train
INNOUT SEATTLE,Food,bulk_food_debit_train_285,train
99RANCH MIN #77177,Food,bulk_food_debit_train_286,train
CLV*Dave's Hot Chicken,Food,bulk_food_debit_train_287,train
ASIAN SUPERMARKET 4707 RALEIGH,Food,bulk_food_debit_train_288,train
SOMISOMI #7635 DENVER,Food,bulk_food_debit_train_289,train
CLV*FOOD FACTORY - NEWARK,Food,bulk_food_debit_train_290,train
BONCHON 220610,Food,bulk_food_debit_train_291,train
TRADER JOE'S 5356 SAN DIEGO,Food,bulk_food_debit_train_292,train
GROCERY OUTLET 9385 PARK CT TAMPA 33601 FL USA,Food,bulk_food_debit_train_293,train
RAISING CANE'S 8505 MARKET ST BROOKLYN 11201-0338NY USA,Food,bulk_food_debit_train_294,train
TST* FOOD FACTORY #423,Food,bulk_food_debit_train_295,train
Payment to: KROGER,Food,bulk_food_debit_train_296,train
SMARTFINAL #493 ORLANDO,Food,bulk_food_debit_train_297,train
PUBLIX LAS #37347,Food,bulk_food_debit_train_298,train
PIGGLY WIGGLY #16683 INDIANAPOLIS,Food,bulk_food_debit_train_299,train
SAM'S CLUB 9662 BROADWAY DR FREMONT94536 CA USA,Food,bulk_food_debit_train_300,train
BJ'S WHOLESALE 4341 ATLANTA,Food,bulk_food_debit_train_301,train
TIM HORTONS 4198 BROADWAY PKWY SEATTLE 98101 WA USA,Food,bulk_food_debit_train_302,train
CULVER'S 7114 MARKET PKWY BROOKLYN 11201-0351NY USA,Food,bulk_food_debit_train_303,train
WINCO FOODS 8033 MIAMI,Food,bulk_food_debit_train_304,train
Panda Express 8180 Center Way Austin 78701-8235tx Usa,Food,bulk_food_debit_train_305,train
DENNY'S 6038 INDUSTRIAL LN QUEENS11101 NY USA,Food,bulk_food_debit_train_306,train
ALDI*6XRDHYRVV,Food,bulk_food_debit_train_307,train
WINGSTOP 9051 INDUSTRIAL CT ATLANTA 30301-8306GA USA,Food,bulk_food_debit_train_308,train
CARL'S JR*C33N1KHVA,Food,bulk_food_debit_train_309,train
UBER EATS - NEW YORK,Food,bulk_food_debit_train_310,train
Costco Whse 7556 Main Ct Fremont 94536-4556ca Usa,Food,bulk_food_debit_train_311,train
SQ *FRESH FOOD CO - INDIANAPOLIS,Food,bulk_food_debit_train_312,train
TST* CURRY HOUSE #955,Food,bulk_food_debit_train_313,train
Postmates*din Tai Fung,Food,bulk_food_debit_train_314,train
RALPHS SAN #4353,Food,bulk_food_debit_train_315,train
PAYPAL INST XFER GRUBHUB WEB ID: PAYPALSI75,Food,bulk_food_debit_train_316,train
365 MARKET 8842 MIAMI,Food,bulk_food_debit_train_317,train
EXPRESS CHECKOUT PAYMENT: HORATIO'S,Food,bulk_food_debit_train_318,train
WOK EXPRESS 2248 BROADWAY ST NEW YORK 10001 NY USA,Food,bulk_food_debit_train_319,train
PREAPPROVED PAYMENT BILL USER PAYMENT: NORTHGATE MARKET,Food,bulk_food_debit_validation_0,validation
SAVEMART 6219 UNIVERSITY LN OAKLAND 94601-9495CA USA,Food,bulk_food_debit_validation_1,validation
cardenas 9363 los angeles,Food,bulk_food_debit_validation_2,validation
SOMISOMI 5459 PARK RD PHILADELPHIA 19101 PA USA,Food,bulk_food_debit_validation_3,validation
FOOD LION 1665 UNIVERSITY LN NEW YORK10001 NY USA,Food,bulk_food_debit_validation_4,validation
BJSWHOLESA SAN #514,Food,bulk_food_debit_validation_5,validation
SQ *sushi bar,Food,bulk_food_debit_validation_6,validation
MOCHINUT #44367 NASHVILLE,Food,bulk_food_debit_validation_7,validation
CULVER'S #6540 PITTSBURGH,Food,bulk_food_debit_validation_8,validation
SAVEMART 4073 DALLAS,Food,bulk_food_debit_validation_9,validation
NORTHGATEM SEA #1375,Food,bulk_food_debit_validation_10,validation
PHO 99,Food,bulk_food_debit_validation_11,validation
PHO SAIGON #375 AUSTIN,Food,bulk_food_debit_validation_12,validation
KBBQ HOUSE 8743 PARK ST DENVER 80201 CO USA,Food,bulk_food_debit_validation_13,validation
TRADER JOE'S*KFB3JGIUZTYU,Food,bulk_food_debit_validation_14,validation
SAVEMART #46 LAS VEGA,Food,bulk_food_debit_validation_15,validation
DAVE'S HOT CHICKEN*ALI80NXAXWE,Food,bulk_food_debit_validation_16,validation
SQ *Pizza Place - DENVER,Food,bulk_food_debit_validation_17,validation
PIGGLY WIGGLY #274,Food,bulk_food_debit_validation_18,validation
PHILZ COFFEE 7816 UNIVERSITY ST NASHVILLE 37201-6116TN USA,Food,bulk_food_debit_validation_19,validation
PAYPAL *PYPL haidilao,Food,bulk_food_debit_validation_20,validation
SMARTFINAL #4957 UNION CI,Food,bulk_food_debit_validation_21,validation
FOOD 4 LESS 9793 BROOKLYN,Food,bulk_food_debit_validation_22,validation
Natural Grocers 476 Park Way Austin78701 Tx Usa,Food,bulk_food_debit_validation_23,validation
PYPL *BURGER KING,Food,bulk_food_debit_validation_24,validation
TACO BELL - DALLAS,Food,bulk_food_debit_validation_25,validation
PREAPPROVED PAYMENT BILL USER PAYMENT: DUNKIN,Food,bulk_food_debit_validation_26,validation
RED ROBIN - NEWARK,Food,bulk_food_debit_validation_27,validation
PEKING DUCK HOUSE*W5LGSNH7AGT,Food,bulk_food_debit_validation_28,validation
PAYPAL INST XFER BJ'S WHOLESALE WEB ID: PAYPALSI82,Food,bulk_food_debit_validation_29,validation
SAKURA SUSHI 5468 MISSION PKWY DENVER 80201-6396CO USA,Food,bulk_food_debit_validation_30,validation
GROCOUTLT #45 QUEENS,Food,bulk_food_debit_validation_31,validation
PAYPAL *RANCH 99,Food,bulk_food_debit_validation_32,validation
FOOD LION #9359 PHOENIX,Food,bulk_food_debit_validation_33,validation
SQ *FOOD FACTORY #140,Food,bulk_food_debit_validation_34,validation
UBER EATS*SUSHI SPOT,Food,bulk_food_debit_validation_35,validation
PAYPAL INST XFER SHAW'S WEB ID: PAYPALSI14,Food,bulk_food_debit_validation_36,validation
TST*FOOD FACTORY - SAN DIEGO,Food,bulk_food_debit_validation_37,validation
giant eagle - nashville,Food,bulk_food_debit_validation_38,validation
SAVEMART #29006,Food,bulk_food_debit_validation_39,validation
Asian Supermarket #3081 Los Angeles,Food,bulk_food_credit_test_0,test
H MART #9992 ATLANTA,Food,bulk_food_debit_test_1,test
texas roadhouse 5276 center rd chicago60601 il usa,Food,bulk_food_credit_test_2,test
365 MARKET 8291 PHILADELPHIA,Food,bulk_food_debit_test_3,test
SQ *TEXAS ROADHOUSE,Food,bulk_food_debit_test_4,test
SAN PEDRO MARKET 4395 BROADWAY RD PITTSBURGH 15201 PA USA,Food,bulk_food_debit_test_5,test
KRISPY KREME 9898 MARKET AVE HAYWARD 94541-7271CA USA,Food,bulk_food_debit_test_6,test
Smartfinal #573 Miami,Food,bulk_food_debit_test_7,test
DIM SUM KING 6641 MISSION AVE INDIANAPOLIS 46201 IN USA,Food,bulk_food_credit_test_8,test
OUTBACK STEAKHOUSE #00411 AUSTIN,Food,bulk_food_debit_test_9,test
STOP&SHO MIN #132,Food,bulk_food_debit_test_10,test
Naan N Curry #847 Minneapolis,Food,bulk_food_debit_test_11,test
SQ *WING SHACK - COLUMBUS,Food,bulk_food_debit_test_12,test
SPROUTS COL #8580,Food,bulk_food_debit_test_13,test
PAYPAL *JACK IN THE BOX 9HFK53V3GQ,Food,bulk_food_debit_test_14,test
PUBLIX #279 SALT LAKE CITY,Food,bulk_food_debit_test_15,test
MARUGAME UDON 8436 PARK CT SAN DIEGO92101 CA USA,Food,bulk_food_debit_test_16,test
Grubhub*marugame Udon,Food,bulk_food_debit_test_17,test
PAYPAL INST XFER UBER EATS WEB ID: PAYPALSI86,Food,bulk_food_debit_test_18,test
CURRY HOUSE*D094EM3WFBC7,Food,bulk_food_debit_test_19,test
NANDO'S 3928 OAK BLVD COLUMBUS 43201-5725OH USA,Food,bulk_food_debit_test_20,test
ETHIOPIAN RESTAURANT - RALEIGH,Food,bulk_food_debit_test_21,test
DUNKIN DONUTS #1927 BOSTON,Food,bulk_food_debit_test_22,test
SQ *stix food hall,Food,bulk_food_debit_test_23,test
panda express*k37aqhb7ydnh,Food,bulk_food_debit_test_24,test
Wholefds #39915 Atlanta,Food,bulk_food_debit_test_25,test
GYRO KING*7L7Q8U26GLE,Food,bulk_food_debit_test_26,test
PAYPAL *Grocery Outlet,Food,bulk_food_debit_test_27,test
NORTHGATE MARKET 0242 SALT LAKE CITY,Food,bulk_food_debit_test_28,test
Trader Joe's 7936 Broadway Rd Las Vegas 89101-9264nv Usa,Food,bulk_food_debit_test_29,test
El Pollo Loco San Francisco 8649,Food,bulk_food_debit_test_30,test
INNOUT LAS VEGAS,Food,bulk_food_debit_test_31,test
JOLLIBEE - NEWARK,Food,bulk_food_debit_test_32,test
PORTILLO'S 6260 BROADWAY ST AUSTIN78701 TX USA,Food,bulk_food_debit_test_33,test
PAYPAL INST XFER MARKET BASKET WEB ID: PAYPALSI66,Food,bulk_food_debit_test_34,test
WINN-DIXIE 4303 RALEIGH,Food,bulk_food_debit_test_35,test
COSTCOWH #352,Food,bulk_food_debit_test_36,test
FRESHMARKE OAK #38409,Food,bulk_food_debit_test_37,test
Food4le #05033,Food,bulk_food_debit_test_38,test
Giant Eagle 8176 Main Ct Sacramento 95814 Ca Usa,Food,bulk_food_debit_test_39,test
PAYPAL INST XFER CLOUDFLARE WEB ID: PAYPALSI53,Subscriptions,bulk_subscriptions_debit_train_0,train
APPLE.COM/BILL 2786 OAK ST MINNEAPOLIS55401 MN USA,Subscriptions,bulk_subscriptions_debit_train_1,train
FASTLY 2071 MISSION LN MIAMI 33101-0705FL USA,Subscriptions,bulk_subscriptions_debit_train_2,train
Subscription Payment: SKETCH,Subscriptions,bulk_subscriptions_debit_train_3,train
chatgpt plus,Subscriptions,bulk_subscriptions_debit_train_4,train
GOOGLE *SUNO,Subscriptions,bulk_subscriptions_debit_train_5,train
Smartsheet,Subscriptions,bulk_subscriptions_debit_train_6,train
Apple.com/bill 3762 Elm Ct Orlando 32801-9208fl Usa,Subscriptions,bulk_subscriptions_debit_train_7,train
PAYPAL INST XFER GRAMMARLY WEB ID: PAYPALSI43,Subscriptions,bulk_subscriptions_debit_train_8,train
Apple.com/bill 2155 University Pkwy Tampa 33601-9840fl Usa,Subscriptions,bulk_subscriptions_debit_train_9,train
APPLE.COM/BILL 2226 UNIVERSITY CT COLUMBUS 43201 OH USA,Subscriptions,bulk_subscriptions_debit_train_10,train
Subscription Payment: NOTION,Subscriptions,bulk_subscriptions_debit_train_11,train
Netlify 3812 Main Ave Indianapolis46201 In Usa,Subscriptions,bulk_subscriptions_debit_train_12,train
PAYPAL INST XFER PELOTON WEB ID: PAYPALSI73,Subscriptions,bulk_subscriptions_debit_train_13,train
Subscription Payment: LINODE,Subscriptions,bulk_subscriptions_debit_train_14,train
GITLAB* Subscription,Subscriptions,bulk_subscriptions_debit_train_15,train
OBSIDIAN.MD* OBSIDIAN.MD Plus,Subscriptions,bulk_subscriptions_debit_train_16,train
PAYPAL INST XFER COFFEE MEETS BAGELWEB ID: PAYPALSI69,Subscriptions,bulk_subscriptions_debit_train_17,train
OPENAI* Monthly,Subscriptions,bulk_subscriptions_debit_train_18,train
Coffee Meets Bagel.com,Subscriptions,bulk_subscriptions_debit_train_19,train
FASTLY 9296 BROADWAY ST LOS ANGELES90001 CA USA,Subscriptions,bulk_subscriptions_debit_train_20,train
META VERIFIED* META VERIFIED Premium,Subscriptions,bulk_subscriptions_debit_train_21,train
PAYPAL INST XFER INSTAGRAM WEB ID: PAYPALSI10,Subscriptions,bulk_subscriptions_debit_train_22,train
GOOGLE *MIDJOURNEY,Subscriptions,bulk_subscriptions_debit_train_23,train
NORDVPN* NORDVPN Pro,Subscriptions,bulk_subscriptions_debit_train_24,train
FITBIT PREMIUM,Subscriptions,bulk_subscriptions_debit_train_25,train
PAYPAL INST XFER NOTION WEB ID: PAYPALSI41,Subscriptions,bulk_subscriptions_debit_train_26,train
DUOLINGO.COM,Subscriptions,bulk_subscriptions_debit_train_27,train
paddle 1986 main rd los angeles 90001-9156ca usa,Subscriptions,bulk_subscriptions_debit_train_28,train
Cursor 5082 Broadway Blvd Miami 33101 Fl Usa,Subscriptions,bulk_subscriptions_debit_train_29,train
APPLE.COM/BILL 2344 PARK BLVD TAMPA 33601-7442FL USA,Subscriptions,bulk_subscriptions_debit_train_30,train
LEMONSQUEEZY,Subscriptions,bulk_subscriptions_debit_train_31,train
FASTLY 2399 ELM WAY SALT LAKE CITY84101 UT USA,Subscriptions,bulk_subscriptions_debit_train_32,train
PAYPAL INST XFER VULTR WEB ID: PAYPALSI42,Subscriptions,bulk_subscriptions_debit_train_33,train
Apple.com/bill 7103 Market Ln Phoenix 85001-2294az Usa,Subscriptions,bulk_subscriptions_debit_train_34,train
HELP.CANVA.COM,Subscriptions,bulk_subscriptions_debit_train_35,train
PreApproved Payment Bill User Payment: SNAPCHAT+,Subscriptions,bulk_subscriptions_debit_train_36,train
DASHLANE.com,Subscriptions,bulk_subscriptions_debit_train_37,train
SNAPCHAT+.com,Subscriptions,bulk_subscriptions_debit_train_38,train
PAYPAL INST XFER PRIVATE INTERNET ACCESSWEB ID: PAYPALSI98,Subscriptions,bulk_subscriptions_debit_train_39,train
APPLE.COM/BILL 4923 BROADWAY LN LOS ANGELES 90001 CA USA,Subscriptions,bulk_subscriptions_debit_train_40,train
apple.com/bill 6050 broadway pkwy new york 10001 ny usa,Subscriptions,bulk_subscriptions_debit_train_41,train
Apple.com/bill 9200 Broadway Rd Salt Lake City 84101-3722ut Usa,Subscriptions,bulk_subscriptions_debit_train_42,train
apple.com/bill 2689 center ave indianapolis46201 in usa,Subscriptions,bulk_subscriptions_debit_train_43,train
APPLE.COM/BILL 1824 INDUSTRIAL PKWY SEATTLE 98101-1875WA USA,Subscriptions,bulk_subscriptions_debit_train_44,train
NOTION 8574 BROADWAY DR CHARLOTTE28201 NC USA,Subscriptions,bulk_subscriptions_debit_train_45,train
APPLE.COM/BILL 706 OAK DR SEATTLE 98101 WA USA,Subscriptions,bulk_subscriptions_debit_train_46,train
STRIPE BILLING* STRIPE BILLING Premium,Subscriptions,bulk_subscriptions_debit_train_47,train
APPLE.COM/BILL 6133 PARK RD BOSTON 02101-0931MA USA,Subscriptions,bulk_subscriptions_debit_train_48,train
APPLE.COM/BILL 8814 MAIN WAY DENVER80201 CO USA,Subscriptions,bulk_subscriptions_debit_train_49,train
HELP.GOOGLE CLOUD.COM,Subscriptions,bulk_subscriptions_debit_train_50,train
MICROSOFT AZURE,Subscriptions,bulk_subscriptions_debit_train_51,train
PreApproved Payment Bill User Payment: APPLE TV+,Subscriptions,bulk_subscriptions_debit_train_52,train
PAYPAL INST XFER BUMBLE WEB ID: PAYPALSI33,Subscriptions,bulk_subscriptions_debit_train_53,train
WALL STREET JOURNAL* Monthly,Subscriptions,bulk_subscriptions_debit_train_54,train
help.tiktok.com,Subscriptions,bulk_subscriptions_debit_train_55,train
APPLE.COM/BILL 8578 PARK CT HOUSTON77001 TX USA,Subscriptions,bulk_subscriptions_credit_train_56,train
SUBSTACK* Subscription,Subscriptions,bulk_subscriptions_debit_train_57,train
help.hubspot.com,Subscriptions,bulk_subscriptions_credit_train_58,train
PAYPAL INST XFER DISCORD NITRO WEB ID: PAYPALSI40,Subscriptions,bulk_subscriptions_debit_train_59,train
GOOGLE *PADDLE,Subscriptions,bulk_subscriptions_debit_train_60,train
APPLE.COM/BILL 6101 UNIVERSITY AVE CHARLOTTE 28201 NC USA,Subscriptions,bulk_subscriptions_debit_train_61,train
PAYPAL INST XFER TUBI WEB ID: PAYPALSI10,Subscriptions,bulk_subscriptions_debit_train_62,train
PreApproved Payment Bill User Payment: CREDIT KARMA,Subscriptions,bulk_subscriptions_debit_train_63,train
PAYPAL INST XFER LINKEDIN PREMIUMWEB ID: PAYPALSI15,Subscriptions,bulk_subscriptions_debit_train_64,train
APPLE.COM/BILL 4783 MISSION LN QUEENS11101 NY USA,Subscriptions,bulk_subscriptions_debit_train_65,train
REPLICATE 4733 MAIN RD MINNEAPOLIS 55401-8406MN USA,Subscriptions,bulk_subscriptions_debit_train_66,train
HELP.MYFITNESSPAL.COM,Subscriptions,bulk_subscriptions_debit_train_67,train
PAYPAL INST XFER WASHINGTON POST WEB ID: PAYPALSI53,Subscriptions,bulk_subscriptions_debit_train_68,train
SUBSTACK* SUBSTACK Premium,Subscriptions,bulk_subscriptions_debit_train_69,train
PAYPAL INST XFER BLOOMBERG WEB ID: PAYPALSI67,Subscriptions,bulk_subscriptions_debit_train_70,train
help.nordvpn.com,Subscriptions,bulk_subscriptions_debit_train_71,train
PAYPAL INST XFER NOTION WEB ID: PAYPALSI59,Subscriptions,bulk_subscriptions_debit_train_72,train
VULTR,Subscriptions,bulk_subscriptions_debit_train_73,train
PAYPAL INST XFER PADDLE WEB ID: PAYPALSI33,Subscriptions,bulk_subscriptions_debit_train_74,train
APPLE.COM/BILL 163 MISSION ST ORLANDO 32801-0951FL USA,Subscriptions,bulk_subscriptions_debit_train_75,train
Subscription Payment: MONDAY.COM,Subscriptions,bulk_subscriptions_debit_train_76,train
STABILITY AI.com,Subscriptions,bulk_subscriptions_debit_train_77,train
PAYPAL INST XFER TWITTER BLUE WEB ID: PAYPALSI95,Subscriptions,bulk_subscriptions_debit_train_78,train
CLICKUP* Credit Report,Subscriptions,bulk_subscriptions_debit_train_79,train
GOOGLE *GITLAB,Subscriptions,bulk_subscriptions_debit_train_80,train
Apple.com/bill 5354 Park Rd Houston 77001-0686tx Usa,Subscriptions,bulk_subscriptions_debit_train_81,train
PAYPAL INST XFER GOOGLE CLOUD WEB ID: PAYPALSI65,Subscriptions,bulk_subscriptions_debit_train_82,train
HELP.SUPABASE.COM,Subscriptions,bulk_subscriptions_debit_train_83,train
APPLE.COM/BILL 8735 MISSION DR COLUMBUS 43201-0568OH USA,Subscriptions,bulk_subscriptions_debit_train_84,train
PAYPAL INST XFER NEW YORK TIMES WEB ID: PAYPALSI91,Subscriptions,bulk_subscriptions_debit_train_85,train
PAYPAL INST XFER GRAMMARLY WEB ID: PAYPALSI07,Subscriptions,bulk_subscriptions_debit_train_86,train
SURFSHARK 4959 MAIN BLVD LOS ANGELES 90001-2216CA USA,Subscriptions,bulk_subscriptions_debit_train_87,train
GOOGLE CLOUD 5252 UNIVERSITY WAY CHICAGO60601 IL USA,Subscriptions,bulk_subscriptions_debit_train_88,train
APPLE.COM/BILL 1748 ELM PKWY LAS VEGAS 89101-0670NV USA,Subscriptions,bulk_subscriptions_debit_train_89,train
Basecamp,Subscriptions,bulk_subscriptions_debit_train_90,train
PAYPAL INST XFER FRESHDESK WEB ID: PAYPALSI00,Subscriptions,bulk_subscriptions_debit_train_91,train
notion 4791 main blvd charlotte 28201 nc usa,Subscriptions,bulk_subscriptions_debit_train_92,train
help.washington post.com,Subscriptions,bulk_subscriptions_debit_train_93,train
HELP.VERCEL.COM,Subscriptions,bulk_subscriptions_debit_train_94,train
TIKTOK* Monthly,Subscriptions,bulk_subscriptions_debit_train_95,train
apple.com/bill 7054 oak way sacramento95814 ca usa,Subscriptions,bulk_subscriptions_debit_train_96,train
freshdesk.com,Subscriptions,bulk_subscriptions_debit_train_97,train
FINVIZ,Subscriptions,bulk_subscriptions_debit_train_98,train
PAYPAL INST XFER DROPBOX WEB ID: PAYPALSI90,Subscriptions,bulk_subscriptions_debit_train_99,train
PADDLE.com,Subscriptions,bulk_subscriptions_debit_train_100,train
APPLE.COM/BILL 2816 MARKET CT SAN DIEGO92101 CA USA,Subscriptions,bulk_subscriptions_debit_train_101,train
PAYPAL INST XFER OPENAI WEB ID: PAYPALSI11,Subscriptions,bulk_subscriptions_debit_train_102,train
GOOGLE *COPILOT,Subscriptions,bulk_subscriptions_debit_train_103,train
GOOGLE *DOCUSIGN,Subscriptions,bulk_subscriptions_debit_train_104,train
FASTSPRING* Monthly,Subscriptions,bulk_subscriptions_debit_train_105,train
CALENDLY,Subscriptions,bulk_subscriptions_debit_train_106,train
APPLE.COM/BILL 9262 MARKET WAY NASHVILLE 37201 TN USA,Subscriptions,bulk_subscriptions_debit_train_107,train
PAYPAL INST XFER BLOOMBERG WEB ID: PAYPALSI46,Subscriptions,bulk_subscriptions_credit_train_108,train
APPLE.COM/BILL 5195 PARK WAY HOUSTON 77001-3477TX USA,Subscriptions,bulk_subscriptions_debit_train_109,train
PAYPAL INST XFER TWITTER BLUE WEB ID: PAYPALSI88,Subscriptions,bulk_subscriptions_debit_train_110,train
FRESHDESK,Subscriptions,bulk_subscriptions_credit_train_111,train
Apple.com/bill 3477 Mission Blvd Indianapolis 46201 In Usa,Subscriptions,bulk_subscriptions_debit_train_112,train
Subscription Payment: TRADINGVIEW,Subscriptions,bulk_subscriptions_debit_train_113,train
LINODE* Monthly,Subscriptions,bulk_subscriptions_debit_train_114,train
apple.com/bill 2762 industrial ave denver80201 co usa,Subscriptions,bulk_subscriptions_debit_train_115,train
PAYPAL INST XFER ALPHA VANTAGE WEB ID: PAYPALSI83,Subscriptions,bulk_subscriptions_debit_train_116,train
PAYPAL INST XFER FRESHDESK WEB ID: PAYPALSI14,Subscriptions,bulk_subscriptions_credit_train_117,train
LINKEDIN LEARNING* LINKEDIN LEARNING Plus,Subscriptions,bulk_subscriptions_debit_train_118,train
BUMBLE* BUMBLE Premium,Subscriptions,bulk_subscriptions_debit_train_119,train
Subscription Payment: TWITCH,Subscriptions,bulk_subscriptions_credit_train_120,train
GOOGLE *PADDLE.NET,Subscriptions,bulk_subscriptions_debit_train_121,train
PAYPAL INST XFER TIKTOK WEB ID: PAYPALSI00,Subscriptions,bulk_subscriptions_debit_train_122,train
PAYPAL INST XFER APPLE TV+ WEB ID: PAYPALSI27,Subscriptions,bulk_subscriptions_debit_train_123,train
PAYPAL INST XFER ANCESTRY.COM WEB ID: PAYPALSI83,Subscriptions,bulk_subscriptions_debit_train_124,train
APPLE.COM/BILL 4398 PARK LN FREMONT94536 CA USA,Subscriptions,bulk_subscriptions_debit_train_125,train
GOOGLE *AMAZON PRIME,Subscriptions,bulk_subscriptions_credit_train_126,train
HELP.X CORP. PAID FEATURES.COM,Subscriptions,bulk_subscriptions_debit_train_127,train
Google *hbo Max,Subscriptions,bulk_subscriptions_debit_train_128,train
HELP.NETLIFY.COM,Subscriptions,bulk_subscriptions_debit_train_129,train
APPLE.COM/BILL 6834 ELM WAY PORTLAND 97201 OR USA,Subscriptions,bulk_subscriptions_credit_train_130,train
PAYPAL INST XFER FRESHDESK WEB ID: PAYPALSI20,Subscriptions,bulk_subscriptions_debit_train_131,train
Apple.com/bill 3249 Mission Pkwy Portland 97201 Or Usa,Subscriptions,bulk_subscriptions_debit_train_132,train
GOOGLE *YOUTUBE PREMIUM,Subscriptions,bulk_subscriptions_debit_train_133,train
APPLE.COM/BILL 6801 ELM WAY NEWARK 07101-9447NJ USA,Subscriptions,bulk_subscriptions_debit_train_134,train
ZENDESK* Subscription,Subscriptions,bulk_subscriptions_debit_train_135,train
PAYPAL INST XFER FINVIZ WEB ID: PAYPALSI85,Subscriptions,bulk_subscriptions_debit_train_136,train
APPLE.COM/BILL 4446 ELM BLVD BOSTON 02101-8907MA USA,Subscriptions,bulk_subscriptions_debit_train_137,train
GITHUB.com,Subscriptions,bulk_subscriptions_debit_train_138,train
PreApproved Payment Bill User Payment: FINANCIAL MODELING PREP,Subscriptions,bulk_subscriptions_debit_train_139,train
Bloomberg,Subscriptions,bulk_subscriptions_debit_train_140,train
STRAVA.COM,Subscriptions,bulk_subscriptions_debit_train_141,train
APPLE.COM/BILL 2725 INDUSTRIAL CT PHILADELPHIA 19101-1911PA USA,Subscriptions,bulk_subscriptions_debit_train_142,train
PAYPAL INST XFER YOUTUBE PREMIUM WEB ID: PAYPALSI99,Subscriptions,bulk_subscriptions_debit_train_143,train
Apple.com/bill 3102 Oak Ave Chicago 60601-1573il Usa,Subscriptions,bulk_subscriptions_debit_train_144,train
PAYPAL INST XFER HEROKU WEB ID: PAYPALSI37,Subscriptions,bulk_subscriptions_debit_train_145,train
PAYPAL INST XFER PATREON WEB ID: PAYPALSI79,Subscriptions,bulk_subscriptions_debit_train_146,train
apple.com/bill 8456 park ct philadelphia 19101 pa usa,Subscriptions,bulk_subscriptions_debit_train_147,train
APPLE.COM/BILL 1881 CENTER AVE ORLANDO32801 FL USA,Subscriptions,bulk_subscriptions_debit_train_148,train
FINVIZ 2265 ELM WAY RALEIGH 27601-6319NC USA,Subscriptions,bulk_subscriptions_debit_train_149,train
PAYPAL INST XFER DUOLINGO WEB ID: PAYPALSI77,Subscriptions,bulk_subscriptions_debit_train_150,train
PAYPAL INST XFER BASECAMP WEB ID: PAYPALSI33,Subscriptions,bulk_subscriptions_debit_train_151,train
APPLE.COM/BILL 4667 OAK BLVD DALLAS75201 TX USA,Subscriptions,bulk_subscriptions_debit_train_152,train
APPLE.COM/BILL 3476 BROADWAY DR SEATTLE98101 WA USA,Subscriptions,bulk_subscriptions_debit_train_153,train
paddle.net 8432 mission way pittsburgh 15201-4823pa usa,Subscriptions,bulk_subscriptions_debit_train_154,train
PAYPAL INST XFER CLICKUP WEB ID: PAYPALSI84,Subscriptions,bulk_subscriptions_debit_train_155,train
Subscription Payment: DISNEY+,Subscriptions,bulk_subscriptions_debit_train_156,train
FASTLY.com,Subscriptions,bulk_subscriptions_debit_train_157,train
BITBUCKET 3639 INDUSTRIAL PKWY DENVER80201 CO USA,Subscriptions,bulk_subscriptions_debit_train_158,train
APPLE.COM/BILL 1798 MISSION CT SACRAMENTO95814 CA USA,Subscriptions,bulk_subscriptions_debit_train_159,train
NEON 6133 INDUSTRIAL DR HOUSTON77001 TX USA,Subscriptions,bulk_subscriptions_debit_train_160,train
APPLE.COM/BILL 3108 MISSION LN HAYWARD 94541 CA USA,Subscriptions,bulk_subscriptions_debit_train_161,train
HELP.MICROSOFT AZURE.COM,Subscriptions,bulk_subscriptions_debit_train_162,train
TWILIO* TWILIO Plus,Subscriptions,bulk_subscriptions_debit_train_163,train
HELP.GUMROAD.COM,Subscriptions,bulk_subscriptions_debit_train_164,train
HELP.PERPLEXITY AI.COM,Subscriptions,bulk_subscriptions_debit_train_165,train
APPLE.COM/BILL 5301 PARK DR COLUMBUS 43201 OH USA,Subscriptions,bulk_subscriptions_debit_train_166,train
PAYPAL INST XFER PARAMOUNT+ WEB ID: PAYPALSI68,Subscriptions,bulk_subscriptions_debit_train_167,train
1PASSWORD,Subscriptions,bulk_subscriptions_debit_train_168,train
GOOGLE *CONFLUENCE,Subscriptions,bulk_subscriptions_debit_train_169,train
Subscription Payment: ANTHROPIC,Subscriptions,bulk_subscriptions_debit_train_170,train
PreApproved Payment Bill User Payment: NEW YORK TIMES,Subscriptions,bulk_subscriptions_debit_train_171,train
apple.com/bill 1382 main way phoenix 85001 az usa,Subscriptions,bulk_subscriptions_debit_train_172,train
Financial Modeling Prep,Subscriptions,bulk_subscriptions_debit_train_173,train
PEACOCK* PEACOCK Pro,Subscriptions,bulk_subscriptions_debit_train_174,train
APPLE.COM/BILL 4933 INDUSTRIAL LN ORLANDO 32801 FL USA,Subscriptions,bulk_subscriptions_debit_train_175,train
LINKEDIN LEARNING,Subscriptions,bulk_subscriptions_debit_train_176,train
HELP.WALL STREET JOURNAL.COM,Subscriptions,bulk_subscriptions_debit_train_177,train
crunchyroll.com,Subscriptions,bulk_subscriptions_debit_train_178,train
PreApproved Payment Bill User Payment: TWILIO,Subscriptions,bulk_subscriptions_debit_train_179,train
PAYPAL INST XFER NEW YORK TIMES WEB ID: PAYPALSI07,Subscriptions,bulk_subscriptions_debit_train_180,train
SALESFORCE.COM,Subscriptions,bulk_subscriptions_debit_train_181,train
hugging face,Subscriptions,bulk_subscriptions_debit_train_182,train
LINODE 2492 PARK WAY PORTLAND 97201 OR USA,Subscriptions,bulk_subscriptions_credit_train_183,train
APPLE.COM/BILL 6621 ELM PKWY NEW YORK 10001-4683NY USA,Subscriptions,bulk_subscriptions_debit_train_184,train
PAYPAL INST XFER MICROSOFT AZURE WEB ID: PAYPALSI41,Subscriptions,bulk_subscriptions_debit_train_185,train
APPLE.COM/BILL 6553 BROADWAY BLVD LAS VEGAS89101 NV USA,Subscriptions,bulk_subscriptions_debit_train_186,train
Google *calm,Subscriptions,bulk_subscriptions_debit_train_187,train
GOOGLE *MEDIUM.COM,Subscriptions,bulk_subscriptions_debit_train_188,train
PreApproved Payment Bill User Payment: 1PASSWORD,Subscriptions,bulk_subscriptions_debit_train_189,train
Subscription Payment: CONFLUENCE,Subscriptions,bulk_subscriptions_debit_train_190,train
TWITTER BLUE* Credit Report,Subscriptions,bulk_subscriptions_debit_train_191,train
CHATGPT PLUS* CHATGPT PLUS Plus,Subscriptions,bulk_subscriptions_debit_train_192,train
DUOLINGO* Subscription,Subscriptions,bulk_subscriptions_debit_train_193,train
PROTONVPN* Subscription,Subscriptions,bulk_subscriptions_debit_train_194,train
APPLE.COM/BILL 5297 MARKET RD BOSTON 02101-0388MA USA,Subscriptions,bulk_subscriptions_debit_train_195,train
PAYPAL INST XFER HULU WEB ID: PAYPALSI81,Subscriptions,bulk_subscriptions_debit_train_196,train
APPLE.COM/BILL 7781 BROADWAY BLVD PORTLAND 97201 OR USA,Subscriptions,bulk_subscriptions_credit_train_197,train
Subscription Payment: FITBIT PREMIUM,Subscriptions,bulk_subscriptions_debit_train_198,train
PAYPAL INST XFER BASECAMP WEB ID: PAYPALSI02,Subscriptions,bulk_subscriptions_debit_train_199,train
PreApproved Payment Bill User Payment: PERPLEXITY AI,Subscriptions,bulk_subscriptions_debit_train_200,train
AIRTABLE* AIRTABLE Premium,Subscriptions,bulk_subscriptions_debit_train_201,train
APPLE.COM/BILL 4788 BROADWAY AVE PITTSBURGH15201 PA USA,Subscriptions,bulk_subscriptions_debit_train_202,train
PreApproved Payment Bill User Payment: ASANA,Subscriptions,bulk_subscriptions_debit_train_203,train
SURFSHARK.COM,Subscriptions,bulk_subscriptions_debit_train_204,train
APPLE.COM/BILL 2590 INDUSTRIAL BLVD MINNEAPOLIS 55401 MN USA,Subscriptions,bulk_subscriptions_debit_train_205,train
Subscription Payment: POLYGON.IO,Subscriptions,bulk_subscriptions_debit_train_206,train
PreApproved Payment Bill User Payment: ANCESTRY.COM,Subscriptions,bulk_subscriptions_debit_train_207,train
STABILITY AI 5512 ELM LN PHOENIX 85001 AZ USA,Subscriptions,bulk_subscriptions_debit_train_208,train
FASTSPRING,Subscriptions,bulk_subscriptions_debit_train_209,train
CLOUDFLARE 2558 CENTER WAY SALT LAKE CITY 84101 UT USA,Subscriptions,bulk_subscriptions_debit_train_210,train
PAYPAL INST XFER YOUTUBE PREMIUM WEB ID: PAYPALSI20,Subscriptions,bulk_subscriptions_debit_train_211,train
DASHLANE* Monthly,Subscriptions,bulk_subscriptions_debit_train_212,train
PAYPAL INST XFER DOCUSIGN WEB ID: PAYPALSI26,Subscriptions,bulk_subscriptions_debit_train_213,train
TUBI,Subscriptions,bulk_subscriptions_debit_train_214,train
PAYPAL INST XFER INVISION WEB ID: PAYPALSI94,Subscriptions,bulk_subscriptions_credit_train_215,train
PreApproved Payment Bill User Payment: HINGE,Subscriptions,bulk_subscriptions_debit_train_216,train
MULLVAD,Subscriptions,bulk_subscriptions_debit_train_217,train
MICROSOFT AZURE.com,Subscriptions,bulk_subscriptions_debit_train_218,train
apple.com/bill 7555 mission st nashville37201 tn usa,Subscriptions,bulk_subscriptions_debit_train_219,train
Subscription Payment: CANVA,Subscriptions,bulk_subscriptions_debit_train_220,train
BITBUCKET 3355 BROADWAY WAY TAMPA 33601-7113FL USA,Subscriptions,bulk_subscriptions_debit_train_221,train
hugging face.com,Subscriptions,bulk_subscriptions_debit_train_222,train
X CORP* X CORP Premium,Subscriptions,bulk_subscriptions_debit_train_223,train
FINANCIAL MODELING PREP* Monthly,Subscriptions,bulk_subscriptions_debit_train_224,train
PreApproved Payment Bill User Payment: KO-FI,Subscriptions,bulk_subscriptions_debit_train_225,train
PAYPAL INST XFER 1PASSWORD WEB ID: PAYPALSI72,Subscriptions,bulk_subscriptions_debit_train_226,train
APPLE.COM/BILL 7116 MISSION AVE MINNEAPOLIS55401 MN USA,Subscriptions,bulk_subscriptions_debit_train_227,train
CREDIT KARMA* CREDIT KARMA Plus,Subscriptions,bulk_subscriptions_debit_train_228,train
PAYPAL INST XFER SENDGRID WEB ID: PAYPALSI16,Subscriptions,bulk_subscriptions_debit_train_229,train
MATCH.COM* Credit Report,Subscriptions,bulk_subscriptions_debit_train_230,train
APPLE.COM/BILL 8591 PARK DR TAMPA 33601 FL USA,Subscriptions,bulk_subscriptions_debit_train_231,train
Subscription Payment: PELOTON,Subscriptions,bulk_subscriptions_debit_train_232,train
APPLE.COM/BILL 3045 ELM ST PHOENIX85001 AZ USA,Subscriptions,bulk_subscriptions_debit_train_233,train
APPLE.COM/BILL 2530 MISSION RD PHOENIX 85001-0426AZ USA,Subscriptions,bulk_subscriptions_debit_train_234,train
PreApproved Payment Bill User Payment: OPENAI,Subscriptions,bulk_subscriptions_credit_train_235,train
PAYPAL INST XFER INVISION WEB ID: PAYPALSI89,Subscriptions,bulk_subscriptions_debit_train_236,train
PAYPAL INST XFER CANVA WEB ID: PAYPALSI21,Subscriptions,bulk_subscriptions_debit_train_237,train
MULLVAD.com,Subscriptions,bulk_subscriptions_debit_train_238,train
MICROSOFT AZURE* Subscription,Subscriptions,bulk_subscriptions_debit_train_239,train
APPLE.COM/BILL 4990 OAK ST AUSTIN 78701-3785TX USA,Subscriptions,bulk_subscriptions_debit_train_240,train
ALPHA VANTAGE* Monthly,Subscriptions,bulk_subscriptions_debit_train_241,train
PreApproved Payment Bill User Payment: DOCUSIGN,Subscriptions,bulk_subscriptions_debit_train_242,train
Subscription Payment: SNAPCHAT+,Subscriptions,bulk_subscriptions_debit_train_243,train
PreApproved Payment Bill User Payment: X CORP,Subscriptions,bulk_subscriptions_debit_train_244,train
figma 7871 elm dr philadelphia 19101-9924pa usa,Subscriptions,bulk_subscriptions_debit_train_245,train
PreApproved Payment Bill User Payment: FRESHDESK,Subscriptions,bulk_subscriptions_debit_train_246,train
Google *evernote,Subscriptions,bulk_subscriptions_debit_train_247,train
NOTION 9395 PARK CT NEW YORK 10001-5980NY USA,Subscriptions,bulk_subscriptions_debit_train_248,train
ASANA* ASANA Pro,Subscriptions,bulk_subscriptions_debit_train_249,train
CALM,Subscriptions,bulk_subscriptions_debit_train_250,train
PAYPAL INST XFER HINGE WEB ID: PAYPALSI77,Subscriptions,bulk_subscriptions_debit_train_251,train
Subscription Payment: CHATGPT PLUS,Subscriptions,bulk_subscriptions_debit_train_252,train
Subscription Payment: TELEGRAM PREMIUM,Subscriptions,bulk_subscriptions_debit_train_253,train
PAYPAL INST XFER NEON WEB ID: PAYPALSI98,Subscriptions,bulk_subscriptions_debit_train_254,train
23ANDME,Subscriptions,bulk_subscriptions_debit_train_255,train
google cloud.com,Subscriptions,bulk_subscriptions_credit_train_256,train
Subscription Payment: ANCESTRY.COM,Subscriptions,bulk_subscriptions_debit_train_257,train
HELP.LINKEDIN LEARNING.COM,Subscriptions,bulk_subscriptions_debit_train_258,train
PAYPAL INST XFER RAPIDAPI WEB ID: PAYPALSI56,Subscriptions,bulk_subscriptions_debit_train_259,train
SENDGRID 4453 OAK CT ORLANDO 32801 FL USA,Subscriptions,bulk_subscriptions_debit_train_260,train
HBO MAX.COM,Subscriptions,bulk_subscriptions_debit_train_261,train
MONDAY.COM* Monthly,Subscriptions,bulk_subscriptions_debit_train_262,train
HELP.DROPBOX.COM,Subscriptions,bulk_subscriptions_debit_train_263,train
PAYPAL INST XFER COPILOT WEB ID: PAYPALSI93,Subscriptions,bulk_subscriptions_debit_train_264,train
DIGITALOCEAN 4850 MARKET RD PORTLAND 97201 OR USA,Subscriptions,bulk_subscriptions_debit_train_265,train
PAYPAL INST XFER COFFEE MEETS BAGELWEB ID: PAYPALSI38,Subscriptions,bulk_subscriptions_debit_train_266,train
GOOGLE *ALPHA VANTAGE,Subscriptions,bulk_subscriptions_debit_train_267,train
DIGITALOCEAN 8193 MISSION WAY INDIANAPOLIS 46201-9011IN USA,Subscriptions,bulk_subscriptions_debit_train_268,train
PreApproved Payment Bill User Payment: SPOTIFY,Subscriptions,bulk_subscriptions_debit_train_269,train
apple.com/bill 164 broadway st atlanta30301 ga usa,Subscriptions,bulk_subscriptions_debit_train_270,train
PAYPAL INST XFER RUNWAY WEB ID: PAYPALSI34,Subscriptions,bulk_subscriptions_debit_train_271,train
APPLE.COM/BILL 378 PARK LN PORTLAND97201 OR USA,Subscriptions,bulk_subscriptions_debit_train_272,train
NORDVPN* Monthly,Subscriptions,bulk_subscriptions_debit_train_273,train
APPLE.COM/BILL 3839 MISSION LN UNION CITY 94587 CA USA,Subscriptions,bulk_subscriptions_debit_train_274,train
RENDER.COM 3235 OAK BLVD PITTSBURGH 15201 PA USA,Subscriptions,bulk_subscriptions_debit_train_275,train
APPLE.COM/BILL 106 MAIN DR SALT LAKE CITY 84101-7252UT USA,Subscriptions,bulk_subscriptions_debit_train_276,train
TINDER,Subscriptions,bulk_subscriptions_debit_train_277,train
help.monday.com.com,Subscriptions,bulk_subscriptions_debit_train_278,train
APPLE.COM/BILL 2773 UNIVERSITY ST NEWARK 07101-4829NJ USA,Subscriptions,bulk_subscriptions_debit_train_279,train
APPLE.COM/BILL 8308 OAK LN BOSTON 02101-9181MA USA,Subscriptions,bulk_subscriptions_debit_train_280,train
PEACOCK.COM,Subscriptions,bulk_subscriptions_debit_train_281,train
PARAMOUNT+,Subscriptions,bulk_subscriptions_debit_train_282,train
PreApproved Payment Bill User Payment: AIRTABLE,Subscriptions,bulk_subscriptions_debit_train_283,train
INVISION 2637 OAK LN NASHVILLE37201 TN USA,Subscriptions,bulk_subscriptions_debit_train_284,train
PAYPAL INST XFER TWITCH WEB ID: PAYPALSI72,Subscriptions,bulk_subscriptions_debit_train_285,train
PAYPAL INST XFER NORDVPN WEB ID: PAYPALSI35,Subscriptions,bulk_subscriptions_debit_train_286,train
Runway 2844 Center Rd San Diego 92101 Ca Usa,Subscriptions,bulk_subscriptions_debit_train_287,train
Subscription Payment: STABILITY AI,Subscriptions,bulk_subscriptions_debit_train_288,train
COPILOT* Credit Report,Subscriptions,bulk_subscriptions_debit_train_289,train
NEW YORK TIMES* Credit Report,Subscriptions,bulk_subscriptions_debit_train_290,train
PAYPAL INST XFER FINANCIAL MODELING PREPWEB ID: PAYPALSI64,Subscriptions,bulk_subscriptions_credit_train_291,train
Apple.com/bill 9331 Industrial Pkwy Minneapolis 55401 Mn Usa,Subscriptions,bulk_subscriptions_credit_train_292,train
HELP.MEDIUM.COM.COM,Subscriptions,bulk_subscriptions_credit_train_293,train
Apple.com/bill 7286 Park St Sacramento95814 Ca Usa,Subscriptions,bulk_subscriptions_debit_train_294,train
ANTHROPIC 7032 OAK BLVD MIAMI33101 FL USA,Subscriptions,bulk_subscriptions_debit_train_295,train
PROTONVPN* PROTONVPN Premium,Subscriptions,bulk_subscriptions_debit_train_296,train
MIRO 3495 MISSION CT HOUSTON 77001-5184TX USA,Subscriptions,bulk_subscriptions_debit_train_297,train
AMAZON WEB SERVICES 6048 UNIVERSITY RD PORTLAND 97201 OR USA,Subscriptions,bulk_subscriptions_debit_train_298,train
MIDJOURNEY* Credit Report,Subscriptions,bulk_subscriptions_debit_train_299,train
MYFITNESSPAL.COM,Subscriptions,bulk_subscriptions_debit_train_300,train
Amazon Web Services 8932 Broadway Dr Denver 80201 Co Usa,Subscriptions,bulk_subscriptions_debit_train_301,train
PAYPAL INST XFER MYFITNESSPAL WEB ID: PAYPALSI32,Subscriptions,bulk_subscriptions_debit_train_302,train
PAYPAL INST XFER BITBUCKET WEB ID: PAYPALSI88,Subscriptions,bulk_subscriptions_debit_train_303,train
Subscription Payment: SENDGRID,Subscriptions,bulk_subscriptions_debit_train_304,train
NETLIFY.com,Subscriptions,bulk_subscriptions_debit_train_305,train
PreApproved Payment Bill User Payment: CHATGPT PLUS,Subscriptions,bulk_subscriptions_debit_train_306,train
ZOHO* Subscription,Subscriptions,bulk_subscriptions_debit_train_307,train
GOOGLE *HUBSPOT,Subscriptions,bulk_subscriptions_credit_train_308,train
GOOGLE CLOUD 9909 CENTER AVE OAKLAND94601 CA USA,Subscriptions,bulk_subscriptions_debit_train_309,train
PreApproved Payment Bill User Payment: STABILITY AI,Subscriptions,bulk_subscriptions_debit_train_310,train
PreApproved Payment Bill User Payment: FACEBOOK GAMING,Subscriptions,bulk_subscriptions_debit_train_311,train
APPLE.COM/BILL 732 UNIVERSITY BLVD PHOENIX 85001-4041AZ USA,Subscriptions,bulk_subscriptions_credit_train_312,train
PAYPAL INST XFER X CORP WEB ID: PAYPALSI01,Subscriptions,bulk_subscriptions_debit_train_313,train
OPENAI 7391 ELM RD CHARLOTTE 28201-0139NC USA,Subscriptions,bulk_subscriptions_debit_train_314,train
SPOTIFY* SPOTIFY Pro,Subscriptions,bulk_subscriptions_debit_train_315,train
PAYPAL INST XFER NETFLIX WEB ID: PAYPALSI02,Subscriptions,bulk_subscriptions_debit_train_316,train
X CORP. PAID FEATURES* Credit Report,Subscriptions,bulk_subscriptions_debit_train_317,train
PAYPAL INST XFER DROPBOX WEB ID: PAYPALSI65,Subscriptions,bulk_subscriptions_debit_train_318,train
COPILOT* Monthly,Subscriptions,bulk_subscriptions_debit_train_319,train
TELEGRAM PREMIUM,Subscriptions,bulk_subscriptions_debit_validation_0,validation
PAYPAL INST XFER RUNWAY WEB ID: PAYPALSI86,Subscriptions,bulk_subscriptions_debit_validation_1,validation
PAYPAL INST XFER ANTHROPIC WEB ID: PAYPALSI81,Subscriptions,bulk_subscriptions_debit_validation_2,validation
Subscription Payment: HUGGING FACE,Subscriptions,bulk_subscriptions_credit_validation_3,validation
DISNEY+* Credit Report,Subscriptions,bulk_subscriptions_debit_validation_4,validation
NETLIFY 9186 ELM RD BOSTON 02101 MA USA,Subscriptions,bulk_subscriptions_debit_validation_5,validation
PAYPAL INST XFER META VERIFIED WEB ID: PAYPALSI05,Subscriptions,bulk_subscriptions_debit_validation_6,validation
PAYPAL INST XFER ADOBE WEB ID: PAYPALSI06,Subscriptions,bulk_subscriptions_debit_validation_7,validation
APPLE.COM/BILL 6020 MISSION AVE DALLAS75201 TX USA,Subscriptions,bulk_subscriptions_debit_validation_8,validation
APPLE.COM/BILL 3242 PARK LN SEATTLE98101 WA USA,Subscriptions,bulk_subscriptions_debit_validation_9,validation
APPLE.COM/BILL 9554 ELM DR PORTLAND97201 OR USA,Subscriptions,bulk_subscriptions_debit_validation_10,validation
heroku,Subscriptions,bulk_subscriptions_debit_validation_11,validation
PAYPAL INST XFER SPOTIFY WEB ID: PAYPALSI87,Subscriptions,bulk_subscriptions_debit_validation_12,validation
PreApproved Payment Bill User Payment: MIRO,Subscriptions,bulk_subscriptions_debit_validation_13,validation
MONDAY.COM* Subscription,Subscriptions,bulk_subscriptions_debit_validation_14,validation
MATCH.COM,Subscriptions,bulk_subscriptions_debit_validation_15,validation
PAYPAL INST XFER MICROSOFT 365 WEB ID: PAYPALSI41,Subscriptions,bulk_subscriptions_debit_validation_16,validation
PAYPAL INST XFER JIRA WEB ID: PAYPALSI63,Subscriptions,bulk_subscriptions_debit_validation_17,validation
PAYPAL INST XFER DASHLANE WEB ID: PAYPALSI60,Subscriptions,bulk_subscriptions_debit_validation_18,validation
Perplexity Ai.com,Subscriptions,bulk_subscriptions_debit_validation_19,validation
PAYPAL INST XFER TINDER WEB ID: PAYPALSI66,Subscriptions,bulk_subscriptions_debit_validation_20,validation
PreApproved Payment Bill User Payment: LINKEDIN LEARNING,Subscriptions,bulk_subscriptions_debit_validation_21,validation
Tradingview,Subscriptions,bulk_subscriptions_debit_validation_22,validation
APPLE.COM/BILL 521 CENTER RD TAMPA33601 FL USA,Subscriptions,bulk_subscriptions_debit_validation_23,validation
INSTAGRAM,Subscriptions,bulk_subscriptions_debit_validation_24,validation
HELP.DASHLANE.COM,Subscriptions,bulk_subscriptions_debit_validation_25,validation
PAYPAL INST XFER FITBIT PREMIUM WEB ID: PAYPALSI05,Subscriptions,bulk_subscriptions_debit_validation_26,validation
APPLE.COM/BILL 4880 BROADWAY LN CHARLOTTE 28201-9694NC USA,Subscriptions,bulk_subscriptions_debit_validation_27,validation
ALPHA VANTAGE 1685 OAK WAY DENVER80201 CO USA,Subscriptions,bulk_subscriptions_debit_validation_28,validation
Help.mullvad.com,Subscriptions,bulk_subscriptions_debit_validation_29,validation
APPLE.COM/BILL 2867 UNIVERSITY LN DALLAS 75201-4308TX USA,Subscriptions,bulk_subscriptions_debit_validation_30,validation
PAYPAL INST XFER CREDIT KARMA WEB ID: PAYPALSI05,Subscriptions,bulk_subscriptions_debit_validation_31,validation
apple.com/bill 1239 center blvd miami 33101 fl usa,Subscriptions,bulk_subscriptions_debit_validation_32,validation
GOOGLE *23ANDME,Subscriptions,bulk_subscriptions_debit_validation_33,validation
STRIPE BILLING 3645 BROADWAY RD SAN DIEGO 92101 CA USA,Subscriptions,bulk_subscriptions_debit_validation_34,validation
GOOGLE *ZAPIER,Subscriptions,bulk_subscriptions_debit_validation_35,validation
APPLE.COM/BILL 2417 INDUSTRIAL RD SAN DIEGO 92101-4133CA USA,Subscriptions,bulk_subscriptions_debit_validation_36,validation
HELP.AMAZON PRIME.COM,Subscriptions,bulk_subscriptions_debit_validation_37,validation
APPLE.COM/BILL 2061 CENTER WAY TAMPA 33601-9163FL USA,Subscriptions,bulk_subscriptions_debit_validation_38,validation
PAYPAL INST XFER ADOBE WEB ID: PAYPALSI09,Subscriptions,bulk_subscriptions_debit_validation_39,validation
PAYPAL INST XFER OKCUPID WEB ID: PAYPALSI72,Subscriptions,bulk_subscriptions_debit_test_0,test
APPLE.COM/BILL 5517 PARK CT LAS VEGAS 89101-6352NV USA,Subscriptions,bulk_subscriptions_debit_test_1,test
PreApproved Payment Bill User Payment: CALM,Subscriptions,bulk_subscriptions_debit_test_2,test
PAYPAL INST XFER SNAPCHAT+ WEB ID: PAYPALSI34,Subscriptions,bulk_subscriptions_debit_test_3,test
fitbit premium.com,Subscriptions,bulk_subscriptions_debit_test_4,test
Help.obsidian.md.com,Subscriptions,bulk_subscriptions_debit_test_5,test
TELEGRAM PREMIUM* Credit Report,Subscriptions,bulk_subscriptions_debit_test_6,test
PADDLE.NET.com,Subscriptions,bulk_subscriptions_debit_test_7,test
PreApproved Payment Bill User Payment: MULLVAD,Subscriptions,bulk_subscriptions_debit_test_8,test
SUBSTACK* Credit Report,Subscriptions,bulk_subscriptions_debit_test_9,test
PAYPAL INST XFER DIGITALOCEAN WEB ID: PAYPALSI96,Subscriptions,bulk_subscriptions_debit_test_10,test
PAYPAL INST XFER FASTLY WEB ID: PAYPALSI23,Subscriptions,bulk_subscriptions_debit_test_11,test
SKETCH* Credit Report,Subscriptions,bulk_subscriptions_debit_test_12,test
FIGMA 9972 OAK BLVD BOSTON 02101 MA USA,Subscriptions,bulk_subscriptions_debit_test_13,test
apple.com/bill 508 industrial ave portland 97201-1755or usa,Subscriptions,bulk_subscriptions_debit_test_14,test
ADOBE* Monthly,Subscriptions,bulk_subscriptions_debit_test_15,test
fastspring.com,Subscriptions,bulk_subscriptions_debit_test_16,test
PreApproved Payment Bill User Payment: YOUTUBE PREMIUM,Subscriptions,bulk_subscriptions_debit_test_17,test
Google *zendesk,Subscriptions,bulk_subscriptions_debit_test_18,test
apple.com/bill 4056 university ct newark 07101-0816nj usa,Subscriptions,bulk_subscriptions_debit_test_19,test
PAYPAL INST XFER PADDLE.NET WEB ID: PAYPALSI83,Subscriptions,bulk_subscriptions_debit_test_20,test
PAYPAL INST XFER TINDER WEB ID: PAYPALSI73,Subscriptions,bulk_subscriptions_debit_test_21,test
FRESHDESK* FRESHDESK Plus,Subscriptions,bulk_subscriptions_debit_test_22,test
CLICKUP* Subscription,Subscriptions,bulk_subscriptions_debit_test_23,test
ADOBE* Credit Report,Subscriptions,bulk_subscriptions_debit_test_24,test
AMAZON PRIME.COM,Subscriptions,bulk_subscriptions_debit_test_25,test
Google *supabase,Subscriptions,bulk_subscriptions_debit_test_26,test
WASHINGTON POST.COM,Subscriptions,bulk_subscriptions_debit_test_27,test
Subscription Payment: LASTPASS,Subscriptions,bulk_subscriptions_debit_test_28,test
PAYPAL INST XFER FASTSPRING WEB ID: PAYPALSI32,Subscriptions,bulk_subscriptions_debit_test_29,test
Subscription Payment: STRIPE BILLING,Subscriptions,bulk_subscriptions_debit_test_30,test
PAYPAL INST XFER CREDIT KARMA WEB ID: PAYPALSI28,Subscriptions,bulk_subscriptions_debit_test_31,test
hugging face 7522 broadway rd atlanta 30301 ga usa,Subscriptions,bulk_subscriptions_debit_test_32,test
PAYPAL INST XFER HEADSPACE WEB ID: PAYPALSI52,Subscriptions,bulk_subscriptions_debit_test_33,test
PAYPAL INST XFER FIGMA WEB ID: PAYPALSI45,Subscriptions,bulk_subscriptions_debit_test_34,test
APPLE.COM/BILL 5698 ELM PKWY MIAMI 33101-1953FL USA,Subscriptions,bulk_subscriptions_debit_test_35,test
PAYPAL INST XFER SPOTIFY WEB ID: PAYPALSI70,Subscriptions,bulk_subscriptions_debit_test_36,test
PAYPAL INST XFER GRAMMARLY WEB ID: PAYPALSI93,Subscriptions,bulk_subscriptions_debit_test_37,test
supabase,Subscriptions,bulk_subscriptions_debit_test_38,test
PADDLE 9551 MAIN BLVD SEATTLE98101 WA USA,Subscriptions,bulk_subscriptions_credit_test_39,test
IRVINE COMPANY RENT PMT 63830517 PPD ID: 282034060,Rent,bulk_rent_debit_train_0,train
BROOKFIELD RENT PMT PPD ID: 4573951834,Rent,bulk_rent_debit_train_1,train
ESSEX PROPERTY RENT PMT 11529547 PPD ID: 452958065,Rent,bulk_rent_debit_train_2,train
Equity Residentialrent Pmt 47277706 Web Id: 54819ju7,Rent,bulk_rent_debit_train_3,train
EQUITY RESIDENTIALRENT PMT PPD ID: 5571775669,Rent,bulk_rent_debit_train_4,train
BOZZUTO RENT PMT 30437377 WEB ID: 5UAK7AUN,Rent,bulk_rent_debit_train_5,train
IRVINE COMPANY RENT PMT 90500446 PPD ID: 574368010,Rent,bulk_rent_debit_train_6,train
BOZZUTO RENT PMT 53429863 WEB ID: V831JY8A,Rent,bulk_rent_debit_train_7,train
INVITATION HOMES RENT PMT 01990909 WEB ID: S0ZS321H,Rent,bulk_rent_debit_train_8,train
AIMCO RENT PMT 65509648 WEB ID: 0Q8N4MRI,Rent,bulk_rent_debit_train_9,train
JBG SMITH RENT PMT 90583408 WEB ID: T0JCW6RW,Rent,bulk_rent_debit_train_10,train
IRVINE COMPANY RENT PMT 44146423 WEB ID: SD7R7UKV,Rent,bulk_rent_debit_train_11,train
NHP FOUNDATION RENT PMT 55921907 WEB ID: G0T276E0,Rent,bulk_rent_debit_train_12,train
ESSEX PROPERTY LEASE PMT PPD ID: 7747323989,Rent,bulk_rent_debit_train_13,train
BOZZUTO RENT PMT 72022914 PPD ID: 733694325,Rent,bulk_rent_debit_train_14,train
LINCOLN PROPERTY RENT PMT 80447388 WEB ID: EAIOJ073,Rent,bulk_rent_debit_train_15,train
greystar rent pmt 09145529 ppd id: 178797785,Rent,bulk_rent_credit_train_16,train
BOZZUTO RENT PMT 36987778 PPD ID: 745310125,Rent,bulk_rent_debit_train_17,train
equity residentialrent pmt 41317334 web id: d59do1jo,Rent,bulk_rent_debit_train_18,train
Bozzuto Rent Pmt 88516521 Ppd Id: 841484378,Rent,bulk_rent_debit_train_19,train
maa rent pmt 98667527 web id: wasql9jj,Rent,bulk_rent_debit_train_20,train
CAMDEN PROPERTY RENT PMT 70045781 PPD ID: 903363929,Rent,bulk_rent_debit_train_21,train
CAMDEN PROPERTY RENT PMT 31586673 PPD ID: 533293062,Rent,bulk_rent_debit_train_22,train
Avalon Communitiesrent Pmt 10434250 Ppd Id: 078311246,Rent,bulk_rent_debit_train_23,train
AVALON COMMUNITIESRENT PMT 73864422 WEB ID: HBCUMQPJ,Rent,bulk_rent_debit_train_24,train
irvine company rent pmt 24765464 ppd id: 386176192,Rent,bulk_rent_debit_train_25,train
NHP FOUNDATION RENT PMT 96431688 PPD ID: 350172464,Rent,bulk_rent_debit_train_26,train
invitation homes rent pmt 63299102 web id: k465fw69,Rent,bulk_rent_debit_train_27,train
GREYSTAR RENT PMT 04548167 PPD ID: 676097253,Rent,bulk_rent_debit_train_28,train
bozzuto rent pmt 92871684 ppd id: 241581152,Rent,bulk_rent_debit_train_29,train
CAMDEN PROPERTY RENT PMT 82078075 WEB ID: YCZCFQSF,Rent,bulk_rent_debit_train_30,train
BROOKFIELD RENT PMT 65580641 WEB ID: FI9DTG12,Rent,bulk_rent_debit_train_31,train
AVALON COMMUNITIESRENT PMT 28104852 WEB ID: H3X7Y6A6,Rent,bulk_rent_debit_train_32,train
JBG SMITH RENT PMT 99194320 WEB ID: 84KVZCGV,Rent,bulk_rent_debit_train_33,train
EQUITY RESIDENTIALRENT PMT 61940337 PPD ID: 266749525,Rent,bulk_rent_credit_train_34,train
CAMDEN PROPERTY RENT PMT 29005511 WEB ID: SPBHZOSK,Rent,bulk_rent_debit_train_35,train
INVITATION HOMES RENT PMT 39228795 PPD ID: 773872108,Rent,bulk_rent_debit_train_36,train
EQUITY RESIDENTIALRENT PMT 20719170 PPD ID: 267315752,Rent,bulk_rent_debit_train_37,train
AVALON COMMUNITIESRENT PMT 14024028 WEB ID: XPP25VDW,Rent,bulk_rent_debit_train_38,train
Nhp Foundation Rent Pmt 49854011 Ppd Id: 576368289,Rent,bulk_rent_debit_train_39,train
Aimco Rent Pmt 88418429 Web Id: 5gvqwn2y,Rent,bulk_rent_debit_train_40,train
JBG SMITH RENT PMT 67589906 PPD ID: 452618437,Rent,bulk_rent_debit_train_41,train
INVITATION HOMES RENT PMT 88256942 PPD ID: 728662232,Rent,bulk_rent_debit_train_42,train
JBG SMITH RENT PMT 38938598 WEB ID: A730KX8W,Rent,bulk_rent_debit_train_43,train
equity residentialrent pmt 44745815 web id: mmhoffi2,Rent,bulk_rent_debit_train_44,train
NHP FOUNDATION RENT PMT 43047241 PPD ID: 270508727,Rent,bulk_rent_debit_train_45,train
jbg smith rent pmt 88028700 web id: quh6pft0,Rent,bulk_rent_debit_train_46,train
EQUITY RESIDENTIALRENT PMT 45997479 WEB ID: 5HI8204B,Rent,bulk_rent_debit_train_47,train
LINCOLN PROPERTY RENT PMT 82371411 WEB ID: FSU1CW02,Rent,bulk_rent_debit_train_48,train
GREYSTAR RENT PMT 56712915 WEB ID: ULO46SIJ,Rent,bulk_rent_debit_train_49,train
equity residentialrent pmt 33660284 web id: 9vubxedu,Rent,bulk_rent_debit_train_50,train
BOZZUTO RENT PMT 35158647 PPD ID: 481641007,Rent,bulk_rent_debit_train_51,train
LINCOLN PROPERTY RENT PMT 81229319 WEB ID: A44UFOUD,Rent,bulk_rent_debit_train_52,train
RELATED COS RENT PMT 06132348 PPD ID: 180499031,Rent,bulk_rent_debit_train_53,train
related cos rent pmt 47118473 ppd id: 216742711,Rent,bulk_rent_debit_train_54,train
Camden Property Rent Pmt 00170413 Web Id: Ob8inm1m,Rent,bulk_rent_debit_train_55,train
NHP FOUNDATION RENT PMT 09736164 WEB ID: RV7F2GRG,Rent,bulk_rent_debit_train_56,train
Maa Rent Pmt 78806027 Ppd Id: 763537831,Rent,bulk_rent_debit_train_57,train
UDR INC RENT PMT 77374663 WEB ID: X7YE6UMV,Rent,bulk_rent_debit_train_58,train
IRVINE COMPANY RENT PMT 96344714 WEB ID: HVZPJGRF,Rent,bulk_rent_debit_train_59,train
BOZZUTO RENT PMT 84697404 PPD ID: 276574134,Rent,bulk_rent_debit_train_60,train
Jbg Smith Rent Pmt 35138626 Web Id: J7bk009t,Rent,bulk_rent_credit_train_61,train
RELATED COS RENT PMT 69266119 WEB ID: F0OCM5B5,Rent,bulk_rent_debit_train_62,train
CAMDEN PROPERTY RENT PPD ID: 2509786492,Rent,bulk_rent_debit_train_63,train
CAMDEN PROPERTY RENT PMT 27537772 PPD ID: 949708447,Rent,bulk_rent_debit_train_64,train
ESSEX PROPERTY RENT PMT 86903459 WEB ID: RIAMTNY4,Rent,bulk_rent_debit_train_65,train
CAMDEN PROPERTY RENT PMT 28285328 PPD ID: 539545043,Rent,bulk_rent_credit_train_66,train
invitation homes rent pmt 23201278 ppd id: 591452514,Rent,bulk_rent_debit_train_67,train
GREYSTAR RENT PMT 21463167 WEB ID: 9EBKUPA9,Rent,bulk_rent_debit_train_68,train
RELATED COS RENT PMT 76117106 PPD ID: 816329244,Rent,bulk_rent_debit_train_69,train
NHP FOUNDATION RENT PMT 10111792 PPD ID: 094819388,Rent,bulk_rent_debit_train_70,train
brookfield rent pmt 12635882 web id: 17k91yaa,Rent,bulk_rent_debit_train_71,train
WITHDRAWAL FROM CAMDEN PROPERTY RENT,Rent,bulk_rent_debit_train_72,train
greystar rent pmt 60180934 web id: nqkio8aw,Rent,bulk_rent_debit_train_73,train
MAA RENT PMT 36087670 WEB ID: F7S9UBFU,Rent,bulk_rent_debit_train_74,train
BOZZUTO RENT PMT 93234649 WEB ID: YTZKPRBW,Rent,bulk_rent_debit_train_75,train
BROOKFIELD RENT PMT 57488026 PPD ID: 286659238,Rent,bulk_rent_debit_train_76,train
AIMCO RENT PMT 01026522 PPD ID: 289185483,Rent,bulk_rent_debit_train_77,train
IRVINE COMPANY RENT PMT 50557673 WEB ID: EKZ932ZV,Rent,bulk_rent_debit_train_78,train
AIMCO RENT PMT 51337095 PPD ID: 417416592,Rent,bulk_rent_debit_train_79,train
AVALON COMMUNITIESAPT RENT PPD ID: 7024840902,Rent,bulk_rent_debit_train_80,train
invitation homes rent pmt 00220618 ppd id: 863532282,Rent,bulk_rent_debit_train_81,train
greystar rent pmt 33878064 web id: j7fd2k4w,Rent,bulk_rent_debit_train_82,train
Lincoln Property Rent Pmt 09288931 Ppd Id: 138828145,Rent,bulk_rent_debit_train_83,train
NHP FOUNDATION RENT PMT 86494686 WEB ID: SVWIWFXQ,Rent,bulk_rent_debit_train_84,train
Essex Property Rent Pmt 08286575 Ppd Id: 811757572,Rent,bulk_rent_debit_train_85,train
MAA RENT PMT 68643854 WEB ID: HUJO1RON,Rent,bulk_rent_debit_train_86,train
EQUITY RESIDENTIALRENT PMT 11534823 WEB ID: 2TZ24EKX,Rent,bulk_rent_debit_train_87,train
Irvine Company Monthly Rent,Rent,bulk_rent_debit_train_88,train
MAA RENT PMT 83208569 WEB ID: 2ZKZOQOQ,Rent,bulk_rent_debit_train_89,train
GREYSTAR RENT PMT 65730271 WEB ID: FQTQGLXU,Rent,bulk_rent_debit_train_90,train
AIMCO RENT PMT 04773645 PPD ID: 334576896,Rent,bulk_rent_debit_train_91,train
NHP FOUNDATION RENT,Rent,bulk_rent_debit_train_92,train
AIMCO RENT PMT 38670117 WEB ID: T30F9B72,Rent,bulk_rent_debit_train_93,train
BROOKFIELD RENT PMT 56089994 WEB ID: EYCLKB04,Rent,bulk_rent_debit_train_94,train
BOZZUTO RENT PMT 96319172 PPD ID: 367260887,Rent,bulk_rent_debit_train_95,train
BROOKFIELD RENT PAYMENT,Rent,bulk_rent_debit_train_96,train
UDR INC RENT PMT 90088838 WEB ID: GVW9OL86,Rent,bulk_rent_debit_train_97,train
JBG SMITH RENT PMT 26246993 WEB ID: QLHNLR5S,Rent,bulk_rent_debit_train_98,train
JBG SMITH RENT PMT 01084976 WEB ID: PKQDARHR,Rent,bulk_rent_debit_train_99,train
UDR INC RENT PMT 65954338 WEB ID: LWGLIOOO,Rent,bulk_rent_debit_train_100,train
AIMCO RENT PMT 22058053 WEB ID: HMCU3INO,Rent,bulk_rent_debit_train_101,train
nhp foundation rent pmt 83882442 web id: inpo4jbd,Rent,bulk_rent_debit_train_102,train
AVALON COMMUNITIESRENT PMT 03033737 PPD ID: 601705483,Rent,bulk_rent_debit_train_103,train
AIMCO RENT PMT PPD ID: 4273027363,Rent,bulk_rent_debit_train_104,train
AIMCO RENT PMT 92683394 PPD ID: 780795500,Rent,bulk_rent_debit_train_105,train
CAMDEN PROPERTY RENT PMT 77426360 PPD ID: 994014907,Rent,bulk_rent_credit_train_106,train
Nhp Foundation Rent Pmt 77022759 Web Id: Frxjyo49,Rent,bulk_rent_debit_train_107,train
BROOKFIELD RENT PMT 24367014 PPD ID: 766737337,Rent,bulk_rent_debit_train_108,train
EQUITY RESIDENTIALRENT PMT 81086979 PPD ID: 910975018,Rent,bulk_rent_debit_train_109,train
jbg smith rent pmt 33973952 ppd id: 488326959,Rent,bulk_rent_debit_train_110,train
NHP FOUNDATION RENT PMT 68395380 PPD ID: 209491489,Rent,bulk_rent_debit_train_111,train
Aimco Rent Pmt 02249052 Ppd Id: 989813766,Rent,bulk_rent_debit_train_112,train
LINCOLN PROPERTY RENT PMT 04377997 WEB ID: 1MR4XKNI,Rent,bulk_rent_debit_train_113,train
EQUITY RESIDENTIALRENT PMT 61239370 PPD ID: 559414353,Rent,bulk_rent_debit_train_114,train
Related Cos Rent Pmt 32324236 Web Id: 8b0skx2b,Rent,bulk_rent_debit_train_115,train
BOZZUTO RENT PMT 41973292 PPD ID: 964050230,Rent,bulk_rent_debit_train_116,train
IRVINE COMPANY LEASE PAYMENT,Rent,bulk_rent_debit_train_117,train
RELATED COS RENT PMT 26624822 PPD ID: 854735579,Rent,bulk_rent_debit_train_118,train
GREYSTAR RENT PMT 01984005 WEB ID: U76WTJBT,Rent,bulk_rent_debit_train_119,train
RELATED COS RENT PMT 16781926 WEB ID: CE88D6PB,Rent,bulk_rent_debit_train_120,train
Essex Property Rent Pmt 92504954 Web Id: D6cy9az3,Rent,bulk_rent_debit_train_121,train
CAMDEN PROPERTY RENT PMT 86197561 WEB ID: CEJF5R76,Rent,bulk_rent_debit_train_122,train
AIMCO RENT PMT 15433843 PPD ID: 292316569,Rent,bulk_rent_debit_train_123,train
greystar rent pmt 89300054 web id: wl7vczx7,Rent,bulk_rent_debit_train_124,train
BOZZUTO RENT PMT 71259306 WEB ID: U69OSFXQ,Rent,bulk_rent_credit_train_125,train
RELATED COS RENT PMT 25626140 PPD ID: 764910710,Rent,bulk_rent_debit_train_126,train
IRVINE COMPANY RENT PMT 43969124 PPD ID: 766117030,Rent,bulk_rent_debit_train_127,train
MAA APT RENT PPD ID: 5894840320,Rent,bulk_rent_debit_train_128,train
NHP FOUNDATION APT RENT PPD ID: 9313781071,Rent,bulk_rent_debit_train_129,train
AIMCO RENT PMT 30160748 PPD ID: 224670408,Rent,bulk_rent_debit_train_130,train
BOZZUTO RENT PMT 31015979 WEB ID: BO1WU6ZS,Rent,bulk_rent_debit_train_131,train
MAA RENT PMT 27954270 WEB ID: KXJW1LCD,Rent,bulk_rent_debit_train_132,train
avalon communitiesrent pmt 89267644 web id: jvgw6epr,Rent,bulk_rent_debit_train_133,train
ESSEX PROPERTY RENT PMT 54809937 WEB ID: 155OIO4P,Rent,bulk_rent_debit_train_134,train
GREYSTAR RENT PMT 65616408 PPD ID: 629472486,Rent,bulk_rent_debit_train_135,train
Maa Rent Pmt 70146230 Ppd Id: 355809622,Rent,bulk_rent_debit_train_136,train
JBG SMITH APT RENT PPD ID: 2610012168,Rent,bulk_rent_debit_train_137,train
NHP FOUNDATION RENT PMT 69856240 PPD ID: 348829318,Rent,bulk_rent_credit_train_138,train
BOZZUTO LEASE PAYMENT,Rent,bulk_rent_debit_train_139,train
udr inc rent pmt 48574409 ppd id: 329454276,Rent,bulk_rent_debit_train_140,train
AIMCO RENT PMT 46628729 PPD ID: 473069276,Rent,bulk_rent_debit_train_141,train
UDR INC RENT PMT 40911793 PPD ID: 079455492,Rent,bulk_rent_debit_train_142,train
BOZZUTO RENT PMT 85632920 WEB ID: 2S2I1Q2V,Rent,bulk_rent_debit_train_143,train
RELATED COS RENT PMT 99348964 WEB ID: MYUMO24S,Rent,bulk_rent_debit_train_144,train
INVITATION HOMES RENT PMT 11446451 PPD ID: 246997132,Rent,bulk_rent_debit_train_145,train
CAMDEN PROPERTY RENT PMT 32487197 WEB ID: JS46D5EC,Rent,bulk_rent_debit_train_146,train
AIMCO RENT PMT 27077965 WEB ID: YEPLBH15,Rent,bulk_rent_debit_train_147,train
Brookfield Rent Pmt 89167614 Web Id: Mjh13b3z,Rent,bulk_rent_debit_train_148,train
NHP FOUNDATION RENT PMT 94969595 PPD ID: 604328877,Rent,bulk_rent_debit_train_149,train
UDR INC RENT PMT 76303266 WEB ID: 4D4BALM7,Rent,bulk_rent_debit_train_150,train
LINCOLN PROPERTY RENT PMT 24029954 WEB ID: 9F7GA2EA,Rent,bulk_rent_debit_train_151,train
invitation homes rent pmt 62208240 web id: aaurt5vh,Rent,bulk_rent_debit_train_152,train
avalon communitiesrent pmt 81577406 ppd id: 530516141,Rent,bulk_rent_debit_train_153,train
INVITATION HOMES RENT PMT 40475706 WEB ID: 5TL55RF1,Rent,bulk_rent_debit_train_154,train
AVALON COMMUNITIESRENT PMT 67842492 WEB ID: 4PYBBM4X,Rent,bulk_rent_debit_train_155,train
NHP FOUNDATION RENT PMT PPD ID: 5611574759,Rent,bulk_rent_debit_train_156,train
MAA RENT PMT 79388607 PPD ID: 701195716,Rent,bulk_rent_debit_train_157,train
Invitation Homes Rent Pmt 04648904 Ppd Id: 012404064,Rent,bulk_rent_debit_train_158,train
GREYSTAR RENT PMT 07402829 WEB ID: X2DNOY2Q,Rent,bulk_rent_debit_train_159,train
MAA RENT PMT 70249158 WEB ID: 39L57OVG,Rent,bulk_rent_debit_train_160,train
INVITATION HOMES RENT PMT 96080415 WEB ID: SM6PMXCK,Rent,bulk_rent_debit_train_161,train
CAMDEN PROPERTY RENT PMT 55498902 WEB ID: WBRO3CBM,Rent,bulk_rent_debit_train_162,train
ESSEX PROPERTY RENT PMT 83475536 WEB ID: 1GRMRA32,Rent,bulk_rent_debit_train_163,train
Maa Monthly Rent,Rent,bulk_rent_credit_train_164,train
BROOKFIELD RENT PMT 27618277 PPD ID: 572894826,Rent,bulk_rent_debit_train_165,train
RELATED COS RENT PMT 24845802 WEB ID: 4MY7JXVW,Rent,bulk_rent_debit_train_166,train
RELATED COS RENT PMT 38308964 PPD ID: 331086832,Rent,bulk_rent_debit_train_167,train
BOZZUTO RENT PMT 67691147 WEB ID: GTYHMEHN,Rent,bulk_rent_debit_train_168,train
Nhp Foundation Rent Pmt 21676467 Web Id: 9ywtru4s,Rent,bulk_rent_debit_train_169,train
BROOKFIELD APT RENT PPD ID: 7142613828,Rent,bulk_rent_debit_train_170,train
JBG SMITH RENT PMT 66128541 PPD ID: 293825022,Rent,bulk_rent_debit_train_171,train
related cos rent pmt 82133094 ppd id: 633438724,Rent,bulk_rent_debit_train_172,train
IRVINE COMPANY APT RENT,Rent,bulk_rent_debit_train_173,train
IRVINE COMPANY RENT PMT 38557387 PPD ID: 386352923,Rent,bulk_rent_debit_train_174,train
AIMCO RENT PMT 71651285 PPD ID: 235596863,Rent,bulk_rent_debit_train_175,train
bozzuto rent pmt 50536311 ppd id: 129151390,Rent,bulk_rent_debit_train_176,train
IRVINE COMPANY RENT PMT 65463182 PPD ID: 339184075,Rent,bulk_rent_debit_train_177,train
NHP FOUNDATION RENT PMT 84592864 WEB ID: O04QPTT9,Rent,bulk_rent_debit_train_178,train
related cos rent pmt 66025186 ppd id: 330572238,Rent,bulk_rent_debit_train_179,train
RELATED COS RENT,Rent,bulk_rent_debit_train_180,train
invitation homes lease payment,Rent,bulk_rent_debit_train_181,train
Avalon Communitiesrent Pmt 63272006 Ppd Id: 859089862,Rent,bulk_rent_debit_train_182,train
EQUITY RESIDENTIALRENT PMT 32699663 WEB ID: ZF3S51E1,Rent,bulk_rent_debit_train_183,train
CAMDEN PROPERTY RENT PMT PPD ID: 2307476208,Rent,bulk_rent_debit_train_184,train
UDR INC RENT PAYMENT,Rent,bulk_rent_credit_train_185,train
LINCOLN PROPERTY RENT PMT 31877256 PPD ID: 406548593,Rent,bulk_rent_debit_train_186,train
BROOKFIELD RENT PMT 83632596 PPD ID: 581226651,Rent,bulk_rent_debit_train_187,train
Bozzuto Rent Pmt 85010177 Ppd Id: 293753228,Rent,bulk_rent_debit_train_188,train
LINCOLN PROPERTY RENT PMT 07990858 PPD ID: 518496052,Rent,bulk_rent_debit_train_189,train
IRVINE COMPANY RENT PMT 31068516 PPD ID: 797804974,Rent,bulk_rent_debit_train_190,train
LINCOLN PROPERTY RENT PMT 27567117 WEB ID: ZSQM75GO,Rent,bulk_rent_debit_train_191,train
EQUITY RESIDENTIALRENT PMT 80011994 WEB ID: IK4QTVTF,Rent,bulk_rent_debit_train_192,train
Bozzuto Rent Pmt 42472620 Ppd Id: 616386847,Rent,bulk_rent_debit_train_193,train
Aimco Lease Payment,Rent,bulk_rent_debit_train_194,train
LINCOLN PROPERTY APT RENT PPD ID: 4522963067,Rent,bulk_rent_debit_train_195,train
BOZZUTO RENT PMT 77084681 PPD ID: 404569183,Rent,bulk_rent_debit_train_196,train
LINCOLN PROPERTY RENT PMT 96951066 WEB ID: TLHBX212,Rent,bulk_rent_debit_train_197,train
avalon communitiesrent pmt 38734968 ppd id: 070852885,Rent,bulk_rent_debit_train_198,train
nhp foundation rent pmt 14559325 ppd id: 135548141,Rent,bulk_rent_debit_train_199,train
Avalon Communitiesrent Pmt 08182396 Ppd Id: 094892380,Rent,bulk_rent_debit_train_200,train
Brookfield Rent Pmt 46424532 Ppd Id: 341429989,Rent,bulk_rent_debit_train_201,train
AIMCO RENT PMT 08548985 PPD ID: 110498040,Rent,bulk_rent_debit_train_202,train
ESSEX PROPERTY RENT PMT 37315761 WEB ID: 6M6U8NHD,Rent,bulk_rent_debit_train_203,train
RELATED COS RENT PMT 54685802 PPD ID: 890990030,Rent,bulk_rent_debit_train_204,train
JBG SMITH RENT PMT 11749086 PPD ID: 703461108,Rent,bulk_rent_debit_train_205,train
MAA RENT PMT 03870693 PPD ID: 183988780,Rent,bulk_rent_debit_train_206,train
brookfield rent pmt 81163822 web id: p7jv4mhy,Rent,bulk_rent_debit_train_207,train
AVALON COMMUNITIES RENT PAYMENT,Rent,bulk_rent_debit_train_208,train
AIMCO RENT PMT 56880622 PPD ID: 427920241,Rent,bulk_rent_debit_train_209,train
Brookfield Rent Pmt 20312901 Web Id: Ivkoobo2,Rent,bulk_rent_debit_train_210,train
IRVINE COMPANY RENT PMT 10896043 WEB ID: 07BDSE98,Rent,bulk_rent_debit_train_211,train
BOZZUTO RENT PMT 41773799 PPD ID: 856273362,Rent,bulk_rent_debit_train_212,train
CAMDEN PROPERTY RENT PMT 15996148 WEB ID: 8P1IURPA,Rent,bulk_rent_debit_train_213,train
essex property rent pmt 75024525 ppd id: 994105925,Rent,bulk_rent_debit_train_214,train
ESSEX PROPERTY RENT PMT 21437492 PPD ID: 867135797,Rent,bulk_rent_debit_train_215,train
Invitation Homes Rent Pmt 78738683 Web Id: Leyg5tb2,Rent,bulk_rent_debit_train_216,train
BOZZUTO RENT PMT 76095910 WEB ID: 9F9GIU8G,Rent,bulk_rent_debit_train_217,train
ESSEX PROPERTY RENT PMT 39118638 PPD ID: 415617888,Rent,bulk_rent_debit_train_218,train
EQUITY RESIDENTIALRENT PMT 25838274 WEB ID: ON41CVAM,Rent,bulk_rent_credit_train_219,train
EQUITY RESIDENTIALRENT PMT 85303428 PPD ID: 254859800,Rent,bulk_rent_debit_train_220,train
BROOKFIELD RENT PMT 56647341 WEB ID: 94ZVXCXO,Rent,bulk_rent_debit_train_221,train
BROOKFIELD RENT PMT 91220921 PPD ID: 434340666,Rent,bulk_rent_debit_train_222,train
AIMCO MONTHLY RENT,Rent,bulk_rent_debit_train_223,train
JBG SMITH RENT PMT 01481975 WEB ID: 2TRWD6C3,Rent,bulk_rent_debit_train_224,train
RELATED COS RENT PMT 60471953 WEB ID: BK4LK75O,Rent,bulk_rent_debit_train_225,train
invitation homes rent payment,Rent,bulk_rent_debit_train_226,train
EQUITY RESIDENTIALRENT PMT 75125255 WEB ID: TKNIARL4,Rent,bulk_rent_debit_train_227,train
CAMDEN PROPERTY RENT PMT 42212782 PPD ID: 251405060,Rent,bulk_rent_debit_train_228,train
GREYSTAR RENT PMT 23968648 WEB ID: X38WUQTN,Rent,bulk_rent_debit_train_229,train
Camden Property Rent Pmt 92663518 Web Id: 4f7444cb,Rent,bulk_rent_debit_train_230,train
BROOKFIELD RENT PMT 27273000 WEB ID: 87PG17DA,Rent,bulk_rent_debit_train_231,train
AIMCO RENT PMT 74709860 PPD ID: 052485495,Rent,bulk_rent_debit_train_232,train
LINCOLN PROPERTY RENT PMT 85849035 PPD ID: 436282719,Rent,bulk_rent_debit_train_233,train
Brookfield Rent Pmt 33789578 Web Id: Ilrijua9,Rent,bulk_rent_debit_train_234,train
MAA RENT PMT 14166920 WEB ID: 0ODON9FQ,Rent,bulk_rent_debit_train_235,train
ESSEX PROPERTY APT RENT,Rent,bulk_rent_debit_train_236,train
LINCOLN PROPERTY RENT PMT 01446201 PPD ID: 483520035,Rent,bulk_rent_debit_train_237,train
IRVINE COMPANY MONTHLY RENT PPD ID: 8511063777,Rent,bulk_rent_debit_train_238,train
LINCOLN PROPERTY RENT PMT 73721332 PPD ID: 993758072,Rent,bulk_rent_debit_train_239,train
GREYSTAR RENT PMT PPD ID: 5551052320,Rent,bulk_rent_debit_train_240,train
ESSEX PROPERTY RENT PMT 90221467 WEB ID: A4FKEKN9,Rent,bulk_rent_debit_train_241,train
GREYSTAR RENT PMT 82070077 WEB ID: C4LW9WW1,Rent,bulk_rent_debit_train_242,train
UDR INC RENT PMT 70125751 PPD ID: 900882033,Rent,bulk_rent_debit_train_243,train
jbg smith rent pmt 75684060 web id: n0v8t8iw,Rent,bulk_rent_debit_train_244,train
AIMCO RENT PMT 00768178 PPD ID: 640185288,Rent,bulk_rent_debit_train_245,train
Aimco Rent Pmt 96862353 Ppd Id: 505536422,Rent,bulk_rent_debit_train_246,train
Irvine Company Rent Pmt 46788258 Web Id: W786czu3,Rent,bulk_rent_debit_train_247,train
NHP FOUNDATION RENT PMT 85366611 PPD ID: 029105913,Rent,bulk_rent_debit_train_248,train
NHP FOUNDATION LEASE PAYMENT,Rent,bulk_rent_credit_train_249,train
Avalon Communitiesrent Pmt 88213534 Ppd Id: 069000243,Rent,bulk_rent_debit_train_250,train
maa rent pmt 62445089 ppd id: 025344777,Rent,bulk_rent_debit_train_251,train
RELATED COS RENT PMT 78022829 WEB ID: N4BLB0UD,Rent,bulk_rent_debit_train_252,train
CAMDEN PROPERTY RENT PMT 98587828 WEB ID: PVWIJTCR,Rent,bulk_rent_debit_train_253,train
MAA RENT PMT 60213958 PPD ID: 586803915,Rent,bulk_rent_debit_train_254,train
UDR INC RENT PMT 50769675 PPD ID: 813152641,Rent,bulk_rent_debit_train_255,train
JBG SMITH RENT PMT 36709128 PPD ID: 640586253,Rent,bulk_rent_debit_train_256,train
BROOKFIELD RENT PMT 03121838 WEB ID: OEYJ3H15,Rent,bulk_rent_debit_train_257,train
AVALON COMMUNITIESRENT PMT 84827112 PPD ID: 240455301,Rent,bulk_rent_debit_train_258,train
MAA RENT PMT 48424618 WEB ID: PEX59MGX,Rent,bulk_rent_debit_train_259,train
MAA RENT PMT 68240596 PPD ID: 495814625,Rent,bulk_rent_debit_train_260,train
ESSEX PROPERTY RENT PPD ID: 9415971504,Rent,bulk_rent_debit_train_261,train
JBG SMITH RENT PMT 91050113 WEB ID: 3KZQR8KU,Rent,bulk_rent_debit_train_262,train
avalon communitiesrent pmt 71540861 web id: odqkgqbr,Rent,bulk_rent_debit_train_263,train
AVALON COMMUNITIESRENT PMT 95185818 PPD ID: 250922728,Rent,bulk_rent_credit_train_264,train
EQUITY RESIDENTIALRENT PMT 85456852 WEB ID: QJ0581IQ,Rent,bulk_rent_debit_train_265,train
NHP FOUNDATION RENT PMT 73942696 PPD ID: 419455998,Rent,bulk_rent_debit_train_266,train
AVALON COMMUNITIESMONTHLY RENT PPD ID: 4699458410,Rent,bulk_rent_credit_train_267,train
BROOKFIELD RENT PMT 51667160 PPD ID: 776898428,Rent,bulk_rent_debit_train_268,train
Avalon Communitiesrent Pmt 65734219 Web Id: Q8r42kcw,Rent,bulk_rent_debit_train_269,train
invitation homes rent pmt 34396937 ppd id: 884265492,Rent,bulk_rent_debit_train_270,train
camden property rent pmt 75134474 web id: e68ltkov,Rent,bulk_rent_debit_train_271,train
GREYSTAR RENT PMT 07403945 PPD ID: 506126883,Rent,bulk_rent_debit_train_272,train
ESSEX PROPERTY RENT PMT 08769619 PPD ID: 361415334,Rent,bulk_rent_debit_train_273,train
EQUITY RESIDENTIALRENT PMT 17636527 WEB ID: LAON81L7,Rent,bulk_rent_debit_train_274,train
INVITATION HOMES RENT PMT 60516570 PPD ID: 767641809,Rent,bulk_rent_debit_train_275,train
INVITATION HOMES RENT PMT 53497212 PPD ID: 901518527,Rent,bulk_rent_debit_train_276,train
INVITATION HOMES RENT PMT 86408105 WEB ID: 7VN071IP,Rent,bulk_rent_debit_train_277,train
IRVINE COMPANY RENT PMT 71991150 WEB ID: Q7DZYTY4,Rent,bulk_rent_debit_train_278,train
AIMCO RENT PMT 33886026 WEB ID: 6U5IBV30,Rent,bulk_rent_debit_train_279,train
Jbg Smith Rent Pmt 70333649 Ppd Id: 618571550,Rent,bulk_rent_debit_train_280,train
INVITATION HOMES RENT PMT 97246818 WEB ID: KKRZJR4N,Rent,bulk_rent_debit_train_281,train
Avalon Communitiesrent Pmt 57493471 Ppd Id: 570660771,Rent,bulk_rent_debit_train_282,train
invitation homes rent pmt 28582933 web id: xg26tpe4,Rent,bulk_rent_debit_train_283,train
NHP FOUNDATION RENT PMT 13213880 PPD ID: 902082293,Rent,bulk_rent_debit_train_284,train
Greystar Rent Pmt 44869757 Ppd Id: 543217669,Rent,bulk_rent_debit_train_285,train
BOZZUTO RENT PMT 08775945 PPD ID: 565722207,Rent,bulk_rent_debit_train_286,train
withdrawal from irvine company rent,Rent,bulk_rent_debit_train_287,train
Brookfield Rent Pmt 15493934 Web Id: N3hue8ly,Rent,bulk_rent_debit_train_288,train
AIMCO RENT PMT 39223033 PPD ID: 736734662,Rent,bulk_rent_debit_train_289,train
UDR INC RENT PMT 04262063 PPD ID: 795589706,Rent,bulk_rent_debit_train_290,train
AIMCO RENT PMT 74391756 WEB ID: 48NX1MMB,Rent,bulk_rent_debit_train_291,train
RELATED COS RENT PMT 95038682 WEB ID: C699H2DJ,Rent,bulk_rent_credit_train_292,train
JBG SMITH RENT PMT 83084537 WEB ID: 5ZEUZM0H,Rent,bulk_rent_debit_train_293,train
BROOKFIELD RENT PMT 55702974 PPD ID: 380627057,Rent,bulk_rent_debit_train_294,train
JBG SMITH RENT PMT 30958317 WEB ID: IBU1YN83,Rent,bulk_rent_debit_train_295,train
AVALON COMMUNITIESRENT PMT 44525289 PPD ID: 881540786,Rent,bulk_rent_debit_train_296,train
INVITATION HOMES RENT PMT 45918140 PPD ID: 526534194,Rent,bulk_rent_debit_train_297,train
Essex Property Rent Pmt 62897388 Web Id: 0khb2h03,Rent,bulk_rent_debit_train_298,train
AVALON COMMUNITIESRENT PMT 91915190 PPD ID: 925531038,Rent,bulk_rent_debit_train_299,train
MAA RENT PMT 70353376 WEB ID: VMWE00GE,Rent,bulk_rent_debit_train_300,train
NHP FOUNDATION RENT PMT 70986952 PPD ID: 414947042,Rent,bulk_rent_debit_train_301,train
JBG SMITH RENT PMT PPD ID: 9823331312,Rent,bulk_rent_debit_train_302,train
JBG SMITH RENT PMT 88261461 WEB ID: 38NJNENI,Rent,bulk_rent_debit_train_303,train
CAMDEN PROPERTY RENT PMT 68322707 WEB ID: DHYDSUJR,Rent,bulk_rent_debit_train_304,train
IRVINE COMPANY RENT PMT 02794976 PPD ID: 282588365,Rent,bulk_rent_debit_train_305,train
maa rent pmt 14801333 web id: 83ksdvhc,Rent,bulk_rent_debit_train_306,train
GREYSTAR APT RENT,Rent,bulk_rent_debit_train_307,train
BOZZUTO RENT PMT 15290516 PPD ID: 007311464,Rent,bulk_rent_debit_train_308,train
EQUITY RESIDENTIALAPT RENT PPD ID: 6971210783,Rent,bulk_rent_debit_train_309,train
AIMCO RENT PMT 05667117 PPD ID: 021999719,Rent,bulk_rent_debit_train_310,train
MAA RENT PMT 14736172 WEB ID: A3A1N5VD,Rent,bulk_rent_debit_train_311,train
BOZZUTO RENT PMT 28040103 WEB ID: EFDA3CKG,Rent,bulk_rent_debit_train_312,train
essex property monthly rent,Rent,bulk_rent_debit_train_313,train
IRVINE COMPANY RENT PMT 63686070 WEB ID: X5OYZQRA,Rent,bulk_rent_debit_train_314,train
BOZZUTO RENT PMT 57662886 WEB ID: PEHV98FQ,Rent,bulk_rent_debit_train_315,train
IRVINE COMPANY RENT PMT 25063762 WEB ID: MJTJYAYT,Rent,bulk_rent_debit_train_316,train
GREYSTAR RENT PMT 61574682 WEB ID: IRZZ36SX,Rent,bulk_rent_debit_train_317,train
bozzuto rent pmt 03773648 web id: s9mlrsr1,Rent,bulk_rent_debit_train_318,train
Bozzuto Rent Pmt 25943493 Ppd Id: 403592821,Rent,bulk_rent_debit_train_319,train
BROOKFIELD RENT PMT 31731264 PPD ID: 779271247,Rent,bulk_rent_debit_validation_0,validation
LINCOLN PROPERTY RENT PMT 61668823 WEB ID: M9D47BN2,Rent,bulk_rent_debit_validation_1,validation
LINCOLN PROPERTY RENT PMT 90043418 PPD ID: 461109297,Rent,bulk_rent_debit_validation_2,validation
BOZZUTO APT RENT,Rent,bulk_rent_debit_validation_3,validation
EQUITY RESIDENTIAL MONTHLY RENT,Rent,bulk_rent_credit_validation_4,validation
NHP FOUNDATION RENT PMT 59830878 PPD ID: 396128174,Rent,bulk_rent_debit_validation_5,validation
ESSEX PROPERTY RENT PMT 39693806 PPD ID: 578285042,Rent,bulk_rent_debit_validation_6,validation
JBG SMITH MONTHLY RENT PPD ID: 6388194206,Rent,bulk_rent_debit_validation_7,validation
MAA RENT PMT 16574448 PPD ID: 513778885,Rent,bulk_rent_debit_validation_8,validation
ESSEX PROPERTY RENT PMT 93296169 PPD ID: 641113290,Rent,bulk_rent_debit_validation_9,validation
IRVINE COMPANY RENT PMT 00298125 PPD ID: 510952286,Rent,bulk_rent_credit_validation_10,validation
CAMDEN PROPERTY LEASE PAYMENT,Rent,bulk_rent_debit_validation_11,validation
RELATED COS RENT PMT 97477859 PPD ID: 461130032,Rent,bulk_rent_debit_validation_12,validation
BOZZUTO RENT PMT 38939399 WEB ID: BQWBKMKP,Rent,bulk_rent_debit_validation_13,validation
GREYSTAR RENT PMT 28606294 PPD ID: 864647202,Rent,bulk_rent_debit_validation_14,validation
ESSEX PROPERTY RENT PMT 34163017 PPD ID: 265476856,Rent,bulk_rent_debit_validation_15,validation
AVALON COMMUNITIESRENT PMT 65012176 WEB ID: KCI296HE,Rent,bulk_rent_debit_validation_16,validation
WITHDRAWAL FROM BROOKFIELD RENT,Rent,bulk_rent_debit_validation_17,validation
AVALON COMMUNITIESRENT PMT 55494558 WEB ID: YNX7BSLZ,Rent,bulk_rent_debit_validation_18,validation
Irvine Company Rent Pmt 87810112 Ppd Id: 406692340,Rent,bulk_rent_debit_validation_19,validation
BOZZUTO RENT PMT 44549301 WEB ID: TBD2UR4T,Rent,bulk_rent_debit_validation_20,validation
Bozzuto Monthly Rent,Rent,bulk_rent_debit_validation_21,validation
AIMCO RENT PMT 01215738 WEB ID: 38T0N30W,Rent,bulk_rent_debit_validation_22,validation
MAA RENT PMT 73670751 WEB ID: 7HI4T8AD,Rent,bulk_rent_debit_validation_23,validation
Related Cos Rent Pmt 69898717 Web Id: Z5vl8gyy,Rent,bulk_rent_debit_validation_24,validation
WITHDRAWAL FROM MAA RENT,Rent,bulk_rent_debit_validation_25,validation
MAA RENT PMT 90093930 WEB ID: HB1VQEYD,Rent,bulk_rent_debit_validation_26,validation
NHP FOUNDATION RENT PMT 01469291 PPD ID: 703909669,Rent,bulk_rent_debit_validation_27,validation
AIMCO RENT PMT 56461713 WEB ID: TVWLMUHI,Rent,bulk_rent_debit_validation_28,validation
Equity Residentialrent Pmt 19185337 Web Id: W1eby7d7,Rent,bulk_rent_debit_validation_29,validation
AVALON COMMUNITIESRENT PMT 23408831 WEB ID: ONXF1EWD,Rent,bulk_rent_debit_validation_30,validation
INVITATION HOMES RENT PMT 60234691 WEB ID: TN7UBTVO,Rent,bulk_rent_debit_validation_31,validation
MAA RENT PAYMENT,Rent,bulk_rent_debit_validation_32,validation
Avalon Communitiesrent Pmt 31961029 Ppd Id: 459693582,Rent,bulk_rent_debit_validation_33,validation
maa rent pmt 24360949 ppd id: 287373798,Rent,bulk_rent_debit_validation_34,validation
ESSEX PROPERTY RENT PMT 13668271 WEB ID: Z7L7AVOQ,Rent,bulk_rent_debit_validation_35,validation
ESSEX PROPERTY RENT PMT 24377867 WEB ID: T5G7U81K,Rent,bulk_rent_debit_validation_36,validation
IRVINE COMPANY RENT PMT 12728329 PPD ID: 593867331,Rent,bulk_rent_debit_validation_37,validation
Equity Residentialrent Pmt 25100579 Web Id: Fh453qzp,Rent,bulk_rent_debit_validation_38,validation
JBG SMITH RENT,Rent,bulk_rent_debit_validation_39,validation
NHP FOUNDATION RENT PMT 06597486 WEB ID: 8SSTU5RH,Rent,bulk_rent_credit_test_0,test
BOZZUTO RENT PMT 05994814 PPD ID: 334433097,Rent,bulk_rent_debit_test_1,test
UDR INC RENT PMT 34588605 PPD ID: 162034807,Rent,bulk_rent_debit_test_2,test
AIMCO RENT PMT 83212198 WEB ID: 0NFWJJ43,Rent,bulk_rent_debit_test_3,test
GREYSTAR RENT PMT 21494721 WEB ID: 4GM8F1SK,Rent,bulk_rent_debit_test_4,test
MAA RENT PMT 90601571 WEB ID: 9D5J9QV6,Rent,bulk_rent_debit_test_5,test
Essex Property Rent Pmt 82708094 Ppd Id: 988301009,Rent,bulk_rent_debit_test_6,test
Maa Rent Pmt 54317198 Ppd Id: 272416434,Rent,bulk_rent_debit_test_7,test
Equity Residentialrent Pmt 59902311 Ppd Id: 943538134,Rent,bulk_rent_debit_test_8,test
Camden Property Rent Pmt 79054903 Ppd Id: 976752143,Rent,bulk_rent_debit_test_9,test
UDR INC RENT PMT 86942491 WEB ID: 90GUZYFV,Rent,bulk_rent_debit_test_10,test
Jbg Smith Rent Pmt 14846058 Web Id: N7lo3kjl,Rent,bulk_rent_debit_test_11,test
INVITATION HOMES LEASE PMT PPD ID: 4835780497,Rent,bulk_rent_debit_test_12,test
Greystar Rent Pmt 78520935 Web Id: 4wsk3290,Rent,bulk_rent_debit_test_13,test
BOZZUTO RENT PMT 46348308 WEB ID: REX1DPVA,Rent,bulk_rent_debit_test_14,test
RELATED COS RENT PMT 42058935 WEB ID: 35SPN5Y9,Rent,bulk_rent_debit_test_15,test
UDR INC RENT PMT 43549792 WEB ID: JY0M9ZOR,Rent,bulk_rent_debit_test_16,test
LINCOLN PROPERTY LEASE PMT PPD ID: 0336688278,Rent,bulk_rent_debit_test_17,test
ESSEX PROPERTY RENT PMT 76826259 WEB ID: 3WAT0W67,Rent,bulk_rent_debit_test_18,test
RELATED COS RENT PMT 13360271 WEB ID: WZLETH6X,Rent,bulk_rent_debit_test_19,test
CAMDEN PROPERTY RENT PMT 20196668 PPD ID: 994366166,Rent,bulk_rent_debit_test_20,test
RELATED COS RENT PMT 24700093 PPD ID: 894205079,Rent,bulk_rent_debit_test_21,test
NHP FOUNDATION RENT PMT 77854626 PPD ID: 042119446,Rent,bulk_rent_debit_test_22,test
JBG SMITH RENT PMT 88975801 PPD ID: 695627879,Rent,bulk_rent_debit_test_23,test
UDR INC RENT PMT 56015854 WEB ID: XBVYFI12,Rent,bulk_rent_debit_test_24,test
BOZZUTO RENT PMT 05095976 PPD ID: 188066390,Rent,bulk_rent_debit_test_25,test
GREYSTAR RENT PMT 18276007 PPD ID: 245698895,Rent,bulk_rent_debit_test_26,test
related cos rent pmt 77224102 web id: om7e5lxl,Rent,bulk_rent_debit_test_27,test
INVITATION HOMES RENT PMT 27850137 PPD ID: 405791075,Rent,bulk_rent_debit_test_28,test
LINCOLN PROPERTY RENT PMT 19315530 PPD ID: 417791229,Rent,bulk_rent_debit_test_29,test
NHP FOUNDATION RENT PMT 14683816 PPD ID: 689632686,Rent,bulk_rent_debit_test_30,test
JBG SMITH RENT PMT 76903281 PPD ID: 123116697,Rent,bulk_rent_debit_test_31,test
INVITATION HOMES RENT PMT 50849924 WEB ID: SI2R8C1B,Rent,bulk_rent_debit_test_32,test
Camden Property Rent Pmt 89619863 Web Id: 913kd10m,Rent,bulk_rent_debit_test_33,test
IRVINE COMPANY RENT PMT 83396032 WEB ID: 59Y6810G,Rent,bulk_rent_debit_test_34,test
withdrawal from jbg smith rent,Rent,bulk_rent_debit_test_35,test
LINCOLN PROPERTY RENT PMT 61151215 PPD ID: 752844394,Rent,bulk_rent_debit_test_36,test
BROOKFIELD RENT PMT 56360087 WEB ID: ZQ5M9IXE,Rent,bulk_rent_debit_test_37,test
Essex Property Rent Pmt 04547909 Ppd Id: 031341588,Rent,bulk_rent_debit_test_38,test
AVALON COMMUNITIES APT RENT,Rent,bulk_rent_debit_test_39,test
UNEMPLOYMENT INS 310 SOC SEC,Income,bulk_income_credit_train_0,train
BENEFIT PAYMENT EDI PYMNTS PPD ID: 7E1VF8HF1L,Income,bulk_income_credit_train_1,train
BENEFIT PAYMENT EDI PYMNTS PPD ID: IH96GC56FW,Income,bulk_income_credit_train_2,train
Zelle payment from JENNIFER LEE Q994JOTJOVD3,Income,bulk_income_credit_train_3,train
Zelle payment from MARY JOHNSON Z6GGECMYPP48,Income,bulk_income_credit_train_4,train
Money Network P2P LISA KIM WEB ID: 80919144,Income,bulk_income_credit_train_5,train
AMAZON PAYMENTS PPD ID: 06579155,Income,bulk_income_credit_train_6,train
Zelle payment from MICHAEL SINGH QVMRA0Y58W0P,Income,bulk_income_credit_train_7,train
Zelle payment from JAMES LI XYAJGUOJD7JH,Income,bulk_income_credit_train_8,train
ORIG CO NAME:ORACLE CO ENTRY DESCR:PAYROLL SEC:PPD,Income,bulk_income_credit_train_9,train
UBER EARNINGS,Income,bulk_income_credit_train_10,train
Money Network P2P STEVEN SMITH WEB ID: 16556555,Income,bulk_income_credit_train_11,train
Zelle payment from DONNA DAVIS ILUP7QYX4CYQ,Income,bulk_income_credit_train_12,train
BENEFIT PAYMENT EDI PYMNTS PPD ID: YVOD0DUP7Q,Income,bulk_income_credit_train_13,train
Zelle payment from JOSEPH WHITE U9VJUY16BELB,Income,bulk_income_credit_train_14,train
BENEFIT PAYMENT EDI PYMNTS PPD ID: J5M85ZWPXV,Income,bulk_income_credit_train_15,train
Zelle payment from JESSICA JACKSON NG4HKRL2LJ1U,Income,bulk_income_credit_train_16,train
ORIG CO NAME:METRO SCHOOL DISTRICTCO ENTRY DESCR:PAYROLL SEC:PPD,Income,bulk_income_credit_train_17,train
STATE OF CALIFORNIADIR DEP PPD ID: 621733272,Income,bulk_income_credit_train_18,train
BENEFIT PAYMENT EDI PYMNTS PPD ID: DZ9CXU08DD,Income,bulk_income_credit_train_19,train
CISCO SYSTEMS PAYROLL PPD ID: 190904157,Income,bulk_income_credit_train_20,train
ORACLE PAYMENTS PPD ID: 62323890,Income,bulk_income_credit_train_21,train
Zelle payment from MARY LOPEZ 5Z4CSSWUYPR7,Income,bulk_income_credit_train_22,train
PACIFIC CONSULTINGPAYROLL PPD ID: 044134114,Income,bulk_income_credit_train_23,train
SUMMIT HEALTHCAREPAYROLL PPD ID: 861410231,Income,bulk_income_credit_train_24,train
ORIG CO NAME:NVIDIA CO ENTRY DESCR:PAYROLL SEC:PPD,Income,bulk_income_credit_train_25,train
Zelle payment from LISA LOPEZ CH0QZZW2EZJL,Income,bulk_income_credit_train_26,train
Zelle payment from SUSAN GONZALEZ KHXGQTGHHLM9,Income,bulk_income_credit_train_27,train
Zelle payment from JAMES WILLIAMS 50ZZN86AYAEL,Income,bulk_income_credit_train_28,train
Zelle payment from STEVEN GONZALEZ M2K82Y8RW015,Income,bulk_income_credit_train_29,train
SSA TREAS 310 XXSSI,Income,bulk_income_credit_train_30,train
Zelle payment from DONNA MILLER BITWOE3TETVQ,Income,bulk_income_credit_train_31,train
Zelle payment from LINDA PARK 5FG17UYDJY3X,Income,bulk_income_credit_train_32,train
Zelle payment from ASHLEY MARTINEZ 3GH7K66VUAFQ,Income,bulk_income_credit_train_33,train
BENEFIT PAYMENT EDI PYMNTS PPD ID: 8P6YCOISTK,Income,bulk_income_credit_train_34,train
Money Network P2P WILLIAM ROBINSON WEB ID: 25635853,Income,bulk_income_credit_train_35,train
ORIG CO NAME:META PLATFORMS CO ENTRY DESCR:PAYROLL SEC:PPD,Income,bulk_income_credit_train_36,train
Zelle payment from DANIEL DAVIS GD3UPXAX3301,Income,bulk_income_credit_train_37,train
SSA TREAS 310 XXVA BEN,Income,bulk_income_credit_train_38,train
Money Network P2P DONNA THOMAS WEB ID: 10639795,Income,bulk_income_credit_train_39,train
Zelle payment from ANTHONY JACKSON 77IN5XYLLLJ2,Income,bulk_income_credit_train_40,train
Payment Refund: WAYFAIR,Income,bulk_income_credit_train_41,train
BENEFIT PAYMENT EDI PYMNTS PPD ID: OPNXLCZZFQ,Income,bulk_income_credit_train_42,train
Zelle payment from MARGARET CHEN 89THHKABBWG7,Income,bulk_income_credit_train_43,train
Zelle payment from JENNIFER THOMAS 2QFICSVZXBKX,Income,bulk_income_credit_train_44,train
Zelle payment from EMILY WONG 51THOELBMA1Q,Income,bulk_income_credit_train_45,train
Money Network P2P THOMAS SHAH WEB ID: 69439330,Income,bulk_income_credit_train_46,train
Money Network P2P CHRISTOPHER SMITH WEB ID: 72477866,Income,bulk_income_credit_train_47,train
Zelle payment from LINDA WANG IEN1SOK1L2JM,Income,bulk_income_credit_train_48,train
Zelle payment from EMILY WILLIAMS S7UZQMLX0ETO,Income,bulk_income_credit_train_49,train
Zelle payment from RICHARD ANDERSON UDM2U44TSN00,Income,bulk_income_credit_train_50,train
Money Network P2P WILLIAM THOMPSON WEB ID: 72144223,Income,bulk_income_credit_train_51,train
Zelle payment from WILLIAM KIM T1UTOEMNVLRK,Income,bulk_income_credit_train_52,train
Money Network P2P WILLIAM DAVIS WEB ID: 70765470,Income,bulk_income_credit_train_53,train
BENEFIT PAYMENT EDI PYMNTS PPD ID: JADSKQ1FQR,Income,bulk_income_credit_train_54,train
Zelle payment from LISA WONG QDQQZXHN7L98,Income,bulk_income_credit_train_55,train
BENEFIT PAYMENT EDI PYMNTS PPD ID: 5ZFZPTEU0V,Income,bulk_income_credit_train_56,train
Zelle payment from JOSHUA DAVIS RGBP4T4RY58O,Income,bulk_income_credit_train_57,train
Zelle payment from EMILY SINGH GSIH0TOPBD8C,Income,bulk_income_credit_train_58,train
ORIG CO NAME:COUNTY OF CO ENTRY DESCR:PAYROLL SEC:PPD,Income,bulk_income_credit_train_59,train
Zelle payment from MICHAEL CHEN HQJK82AXX4MH,Income,bulk_income_credit_train_60,train
BENEFIT PAYMENT EDI PYMNTS PPD ID: GB016ZH2SD,Income,bulk_income_credit_train_61,train
Zelle payment from JESSICA JOHNSON ONJUJ8VO2III,Income,bulk_income_credit_train_62,train
ADOBE INC PAYMENTS PPD ID: 88842842,Income,bulk_income_credit_train_63,train
REMOTE ONLINE DEPOSIT # 2,Income,bulk_income_credit_train_64,train
Money Network P2P ANTHONY WILLIAMS WEB ID: 64752824,Income,bulk_income_credit_train_65,train
SSA TREAS BENEFIT PMT PPD ID: 980846164,Income,bulk_income_credit_train_66,train
Zelle payment from SUSAN ANDERSON S3P3W3K04UNV,Income,bulk_income_credit_train_67,train
Zelle payment from MICHAEL RAMIREZ DK9518Z4HKI7,Income,bulk_income_credit_train_68,train
Zelle payment from ANTHONY PEREZ VS7MUERGK6MJ,Income,bulk_income_credit_train_69,train
ACME CORP DIR DEP PPD ID: 526062691,Income,bulk_income_credit_train_70,train
Payment Refund: H&M,Income,bulk_income_credit_train_71,train
UBER BV PAYMENTS,Income,bulk_income_credit_train_72,train
Money Network P2P THOMAS BROWN WEB ID: 63268653,Income,bulk_income_credit_train_73,train
Payment Refund: OLD NAVY,Income,bulk_income_credit_train_74,train
Zelle payment from THOMAS MILLER NYKYYWTBSOTG,Income,bulk_income_credit_train_75,train
Zelle payment from JOHN LI JV9A5U0JAZTP,Income,bulk_income_credit_train_76,train
Zelle payment from DONNA WANG WB5TC8ZVQJXG,Income,bulk_income_credit_train_77,train
ORIG CO NAME:SALESFORCE CO ENTRY DESCR:PAYROLL SEC:PPD,Income,bulk_income_credit_train_78,train
Zelle payment from ASHLEY THOMPSON Q10SV6L2IAJ0,Income,bulk_income_credit_train_79,train
Zelle payment from DONNA BROWN 1PIV42JA1PQV,Income,bulk_income_credit_train_80,train
Zelle payment from SUSAN WANG KN5RQTH8TMI7,Income,bulk_income_credit_train_81,train
ORIG CO NAME:PACIFIC CONSULTING CO ENTRY DESCR:PAYROLL SEC:PPD,Income,bulk_income_credit_train_82,train
City Of Payroll,Income,bulk_income_credit_train_83,train
Zelle payment from MARK HERNANDEZ XBE91HVIZUON,Income,bulk_income_credit_train_84,train
Zelle payment from MARGARET MARTIN 42F2FLZS2AYT,Income,bulk_income_credit_train_85,train
Payment Refund: CENTRAL COMPUTERS,Income,bulk_income_credit_train_86,train
Zelle payment from ROBERT CLARK 0VJCZ30BG5HX,Income,bulk_income_credit_train_87,train
Payment Refund: LIFETOUCH,Income,bulk_income_credit_train_88,train
Zelle payment from ROBERT WILSON ZJOXIB7LJ4TZ,Income,bulk_income_credit_train_89,train
ORIG CO NAME:FIVERR CO ENTRY DESCR:PAYMENTS SEC:PPD,Income,bulk_income_credit_train_90,train
BENEFIT PAYMENT EDI PYMNTS PPD ID: SQJ7HRV337,Income,bulk_income_credit_train_91,train
ORACLE PAYROLL PPD ID: 575065659,Income,bulk_income_credit_train_92,train
Money Network P2P MARK SANCHEZ WEB ID: 93392682,Income,bulk_income_credit_train_93,train
Zelle payment from KIMBERLY MARTINEZ QEAXH9DXAOLL,Income,bulk_income_credit_train_94,train
Zelle payment from DAVID ANDERSON 5ALJSAX5ZWLK,Income,bulk_income_credit_train_95,train
Zelle payment from EMILY KIM RC7H7TMF54CV,Income,bulk_income_credit_train_96,train
Zelle payment from MARY GARCIA M32ZEEP0PUQY,Income,bulk_income_credit_train_97,train
Money Network P2P MARY WHITE WEB ID: 51659581,Income,bulk_income_credit_train_98,train
Zelle payment from WILLIAM SANCHEZ 5CDLLTZF7AN1,Income,bulk_income_credit_train_99,train
Zelle payment from ASHLEY MOORE FHN91WU4ZYQD,Income,bulk_income_credit_train_100,train
Zelle payment from LISA SINGH C991NGV9D2GA,Income,bulk_income_credit_train_101,train
Zelle payment from KAREN WILSON BL5TNK4M8GAX,Income,bulk_income_credit_train_102,train
Zelle payment from NANCY HERNANDEZ LP1C4G9SSP3H,Income,bulk_income_credit_train_103,train
Zelle payment from SUSAN JOHNSON 2F6UVCMKEIHP,Income,bulk_income_credit_train_104,train
Zelle payment from MARK SMITH HRXY00WF24LK,Income,bulk_income_credit_train_105,train
LYFT DRIVER PAY,Income,bulk_income_credit_train_106,train
BENEFIT PAYMENT EDI PYMNTS PPD ID: GNN1ZCEEIW,Income,bulk_income_credit_train_107,train
Zelle payment from MARGARET ROBINSON KP3FEG97IP6D,Income,bulk_income_credit_train_108,train
Zelle payment from CHRISTOPHER WALKER M9GJF3IG4936,Income,bulk_income_credit_train_109,train
Money Network P2P ELIZABETH SHAH WEB ID: 90358361,Income,bulk_income_credit_train_110,train
Money Network P2P ROBERT BROWN WEB ID: 38229607,Income,bulk_income_credit_train_111,train
Zelle payment from LINDA TAYLOR 4AQMDZGWQFY4,Income,bulk_income_credit_train_112,train
Zelle payment from RICHARD GARCIA HZV6O2UU11M4,Income,bulk_income_credit_train_113,train
Zelle payment from WILLIAM HARRIS 8XF7FCQMDU62,Income,bulk_income_credit_train_114,train
BENEFIT PAYMENT EDI PYMNTS PPD ID: QHBRRK23RV,Income,bulk_income_credit_train_115,train
Money Network P2P BETTY CHEN WEB ID: 51574737,Income,bulk_income_credit_train_116,train
Zelle payment from ANTHONY NGUYEN 3XML5LPM1OJV,Income,bulk_income_credit_train_117,train
BENEFIT PAYMENT EDI PYMNTS PPD ID: P127VTBAII,Income,bulk_income_credit_train_118,train
CITY OF DIR DEP PPD ID: 706397957,Income,bulk_income_credit_train_119,train
BENEFIT PAYMENT EDI PYMNTS PPD ID: DH7RG3RLOE,Income,bulk_income_credit_train_120,train
GOOGLE LLC PAYROLL PPD ID: 321030757,Income,bulk_income_credit_train_121,train
Zelle payment from JOSEPH SMITH MRNY5LJ52A51,Income,bulk_income_credit_train_122,train
Zelle payment from ANDREW CLARK HGEQ359VRPNT,Income,bulk_income_credit_train_123,train
EBAY PAYMENTS PPD ID: 45372680,Income,bulk_income_credit_train_124,train
Payment Refund: GAP.COM,Income,bulk_income_credit_train_125,train
Zelle payment from JENNIFER PATEL 6DGE8UL6CH2O,Income,bulk_income_credit_train_126,train
BENEFIT PAYMENT EDI PYMNTS PPD ID: PF64R1QRB6,Income,bulk_income_credit_train_127,train
Zelle payment from ANTHONY RAMIREZ VADM3ZJNXKZ7,Income,bulk_income_credit_train_128,train
Zelle payment from CHRISTOPHER GARCIA YYEH3PHS8O9E,Income,bulk_income_credit_train_129,train
Money Network P2P ANDREW WILLIAMS WEB ID: 97136946,Income,bulk_income_credit_train_130,train
Zelle payment from SARAH SMITH 07S4XXKPDB8K,Income,bulk_income_credit_train_131,train
Zelle payment from SANDRA SMITH GE5NOMFCMY36,Income,bulk_income_credit_train_132,train
Zelle payment from BARBARA JACKSON KZLLGSFY045O,Income,bulk_income_credit_train_133,train
Zelle payment from CHRISTOPHER CHEN AQYV2SCWVNL9,Income,bulk_income_credit_train_134,train
Zelle payment from BARBARA CHEN M6A52EQ5J3HT,Income,bulk_income_credit_train_135,train
Zelle payment from JAMES KIM 5NT8VIHI3WTD,Income,bulk_income_credit_train_136,train
Zelle payment from THOMAS CHEN 1HRI9P3JHV16,Income,bulk_income_credit_train_137,train
UPWORK SELLER PAYMENT,Income,bulk_income_credit_train_138,train
Zelle payment from RICHARD PARK L87ZNI4CHE0R,Income,bulk_income_credit_train_139,train
Zelle payment from CHARLES JONES AOAK2RIYQ31Q,Income,bulk_income_credit_train_140,train
Money Network P2P WILLIAM WALKER WEB ID: 37428096,Income,bulk_income_credit_train_141,train
BENEFIT PAYMENT EDI PYMNTS PPD ID: 6PWCBRKAI6,Income,bulk_income_credit_train_142,train
Zelle payment from MICHELLE MARTIN GH2Q8EC3WMZF,Income,bulk_income_credit_train_143,train
BENEFIT PAYMENT EDI PYMNTS PPD ID: HQE4TVKRG5,Income,bulk_income_credit_train_144,train
ORIG CO NAME:APPLE INC CO ENTRY DESCR:PAYROLL SEC:PPD,Income,bulk_income_credit_train_145,train
BENEFIT PAYMENT EDI PYMNTS PPD ID: I5ALZKV0Z7,Income,bulk_income_credit_train_146,train
BENEFIT PAYMENT EDI PYMNTS PPD ID: 3587BG2H6L,Income,bulk_income_credit_train_147,train
BENEFIT PAYMENT EDI PYMNTS PPD ID: RGLZA7IPD1,Income,bulk_income_credit_train_148,train
BENEFIT PAYMENT EDI PYMNTS PPD ID: L133KOYR69,Income,bulk_income_credit_train_149,train
BENEFIT PAYMENT EDI PYMNTS PPD ID: XZRLZN3X1E,Income,bulk_income_credit_train_150,train
Money Network P2P ELIZABETH LOPEZ WEB ID: 58261623,Income,bulk_income_credit_train_151,train
Zelle payment from JESSICA PARK 8BG3I8V1IOGH,Income,bulk_income_credit_train_152,train
Zelle payment from NANCY ROBINSON KSU75M0TONBP,Income,bulk_income_credit_train_153,train
Zelle payment from JOSEPH WANG VKCQGDRN6P1J,Income,bulk_income_credit_train_154,train
Money Network P2P MICHAEL CLARK WEB ID: 35590713,Income,bulk_income_credit_train_155,train
Money Network P2P KAREN WHITE WEB ID: 60042157,Income,bulk_income_credit_train_156,train
Zelle payment from JOSEPH JOHNSON JJWHO1N8YE8F,Income,bulk_income_credit_train_157,train
BENEFIT PAYMENT EDI PYMNTS PPD ID: 9EMKG617LG,Income,bulk_income_credit_train_158,train
Zelle payment from DAVID GARCIA 3XIGNLK0PJYS,Income,bulk_income_credit_train_159,train
BENEFIT PAYMENT EDI PYMNTS PPD ID: SGPDSS5J89,Income,bulk_income_credit_train_160,train
Zelle payment from BARBARA LEWIS Y4I7Y80S60HW,Income,bulk_income_credit_train_161,train
Money Network P2P CHRISTOPHER LEWIS WEB ID: 16035209,Income,bulk_income_credit_train_162,train
BENEFIT PAYMENT EDI PYMNTS PPD ID: G77HQ0JA2I,Income,bulk_income_credit_train_163,train
Zelle payment from JOHN WALKER COMKQBXE7H3W,Income,bulk_income_credit_train_164,train
Money Network P2P JOSEPH GONZALEZ WEB ID: 37149232,Income,bulk_income_credit_train_165,train
Zelle payment from DANIEL ANDERSON 94HDAEZVOG8P,Income,bulk_income_credit_train_166,train
Money Network P2P SANDRA HERNANDEZ WEB ID: 59867120,Income,bulk_income_credit_train_167,train
Zelle payment from ROBERT WALKER LUR3BYDIGT9O,Income,bulk_income_credit_train_168,train
US GOVERNMENT PAYROLL PPD ID: 841503295,Income,bulk_income_credit_train_169,train
Zelle payment from SANDRA MARTIN NEIELDGS6BDU,Income,bulk_income_credit_train_170,train
BENEFIT PAYMENT EDI PYMNTS PPD ID: KTG3UEGSLI,Income,bulk_income_credit_train_171,train
Zelle payment from JAMES ANDERSON H638IHAI4SOC,Income,bulk_income_credit_train_172,train
Zelle payment from STEVEN PARK VAYSJPXXK3B3,Income,bulk_income_credit_train_173,train
AMAZON DIR DEP PPD ID: 898084437,Income,bulk_income_credit_train_174,train
BENEFIT PAYMENT EDI PYMNTS PPD ID: 7HHNN253X2,Income,bulk_income_credit_train_175,train
DOORDASH DASHERPAY,Income,bulk_income_credit_train_176,train
Zelle payment from LINDA PATEL 33RDLMSIT5VP,Income,bulk_income_credit_train_177,train
Zelle payment from BETTY WONG N0IP1HQCNKY4,Income,bulk_income_credit_train_178,train
Zelle payment from LINDA ANDERSON YQC45X15XQQL,Income,bulk_income_credit_train_179,train
BENEFIT PAYMENT EDI PYMNTS PPD ID: 251SSDP4Y6,Income,bulk_income_credit_train_180,train
Zelle payment from JENNIFER JONES LFV9CO1Y2LOH,Income,bulk_income_credit_train_181,train
BENEFIT PAYMENT EDI PYMNTS PPD ID: HMCWVEPITW,Income,bulk_income_credit_train_182,train
Money Network P2P LINDA WANG WEB ID: 18372155,Income,bulk_income_credit_train_183,train
BENEFIT PAYMENT EDI PYMNTS PPD ID: 01BYPY64QE,Income,bulk_income_credit_train_184,train
BENEFIT PAYMENT EDI PYMNTS PPD ID: 3BEZFQE04X,Income,bulk_income_credit_train_185,train
Zelle payment from STEVEN WALKER A7LGL0IOHCAW,Income,bulk_income_credit_train_186,train
state comptroller 310 xxva ben,Income,bulk_income_credit_train_187,train
Zelle payment from ASHLEY RODRIGUEZ P67GI0OT2S9F,Income,bulk_income_credit_train_188,train
BENEFIT PAYMENT EDI PYMNTS PPD ID: NN18UP4JUJ,Income,bulk_income_credit_train_189,train
BENEFIT PAYMENT EDI PYMNTS PPD ID: KL8AXNU5NF,Income,bulk_income_credit_train_190,train
BENEFIT PAYMENT EDI PYMNTS PPD ID: UWC113WJHF,Income,bulk_income_credit_train_191,train
PAYPAL CASHOUT PPD ID: 88812349,Income,bulk_income_credit_train_192,train
Zelle payment from EMILY ROBINSON BRQCBCOYUQTP,Income,bulk_income_credit_train_193,train
BENEFIT PAYMENT EDI PYMNTS PPD ID: 1MF9DOLTJU,Income,bulk_income_credit_train_194,train
Zelle payment from PATRICIA HERNANDEZ WT199MY2E86E,Income,bulk_income_credit_train_195,train
Money Network P2P BARBARA PEREZ WEB ID: 97231329,Income,bulk_income_credit_train_196,train
BENEFIT PAYMENT EDI PYMNTS PPD ID: IQQ9IUO22J,Income,bulk_income_credit_train_197,train
Zelle payment from KIMBERLY RAMIREZ NXEQODBSA49S,Income,bulk_income_credit_train_198,train
META PLATFORMS PAYROLL PPD ID: 710403429,Income,bulk_income_credit_train_199,train
METRO SCHOOL DISTRICTDIR DEP PPD ID: 072456678,Income,bulk_income_credit_train_200,train
BLUE SKY VENTURESDIR DEP PPD ID: 782284585,Income,bulk_income_credit_train_201,train
Zelle payment from SUSAN TAYLOR V0TYGRT4P8T1,Income,bulk_income_credit_train_202,train
Zelle payment from BARBARA BROWN W7IB3C84HA42,Income,bulk_income_credit_train_203,train
BENEFIT PAYMENT EDI PYMNTS PPD ID: 4Y0QI7IT8Z,Income,bulk_income_credit_train_204,train
Zelle payment from ANTHONY RAMIREZ N9DNTTPN0Y3H,Income,bulk_income_credit_train_205,train
Zelle payment from STEVEN CHEN 6WVLQB7UYB51,Income,bulk_income_credit_train_206,train
BENEFIT PAYMENT EDI PYMNTS PPD ID: CQMP3RD4VJ,Income,bulk_income_credit_train_207,train
VA BENEFITS BENEFIT PMT PPD ID: 711543569,Income,bulk_income_credit_train_208,train
BENEFIT PAYMENT EDI PYMNTS PPD ID: 4MNTC55P5W,Income,bulk_income_credit_train_209,train
Zelle payment from THOMAS PATEL M4RBX6ZB6PPF,Income,bulk_income_credit_train_210,train
Zelle payment from BETTY MARTIN 1XSK00REBGO7,Income,bulk_income_credit_train_211,train
CISCO SYSTEMS PAYROLL,Income,bulk_income_credit_train_212,train
Money Network P2P JESSICA PARK WEB ID: 80075109,Income,bulk_income_credit_train_213,train
Money Network P2P JENNIFER THOMPSON WEB ID: 01434726,Income,bulk_income_credit_train_214,train
Zelle payment from JAMES SINGH 0OH30XG0DX3U,Income,bulk_income_credit_train_215,train
Zelle payment from EMILY SANCHEZ CHEPXU6WSTSE,Income,bulk_income_credit_train_216,train
BENEFIT PAYMENT EDI PYMNTS PPD ID: VQPIRR70HM,Income,bulk_income_credit_train_217,train
Money Network P2P PATRICIA THOMAS WEB ID: 44432471,Income,bulk_income_credit_train_218,train
Zelle payment from MARGARET ROBINSON AC1JJ8ZL0H1U,Income,bulk_income_credit_train_219,train
BENEFIT PAYMENT EDI PYMNTS PPD ID: TT4B0JGPL6,Income,bulk_income_credit_train_220,train
Money Network P2P THOMAS PARK WEB ID: 58098830,Income,bulk_income_credit_train_221,train
Money Network P2P STEVEN HERNANDEZ WEB ID: 12874121,Income,bulk_income_credit_train_222,train
Zelle payment from MICHAEL THOMPSON UFQAFPB8CEI8,Income,bulk_income_credit_train_223,train
Zelle payment from MARY JOHNSON 80CVGO6OPIMI,Income,bulk_income_credit_train_224,train
INSTACART DRIVER PAY,Income,bulk_income_credit_train_225,train
BENEFIT PAYMENT EDI PYMNTS PPD ID: JKN6B229CY,Income,bulk_income_credit_train_226,train
Zelle payment from DANIEL JONES 9C9JQQDJZ4ID,Income,bulk_income_credit_train_227,train
Zelle payment from CHARLES CHEN 6DE4DIAC7TAE,Income,bulk_income_credit_train_228,train
ORIG CO NAME:EBAY CO ENTRY DESCR:PAYMENTS SEC:PPD,Income,bulk_income_credit_train_229,train
BENEFIT PAYMENT EDI PYMNTS PPD ID: 9CEASH43VH,Income,bulk_income_credit_train_230,train
Money Network P2P KIMBERLY DAVIS WEB ID: 76493706,Income,bulk_income_credit_train_231,train
INSTACART BV PAYMENTS,Income,bulk_income_credit_train_232,train
Payment Refund: CRUNCHYROLL,Income,bulk_income_credit_train_233,train
Zelle payment from WILLIAM WHITE 36PHY97FBCCH,Income,bulk_income_credit_train_234,train
Payment Refund: ZAPPOS,Income,bulk_income_credit_train_235,train
Money Network P2P JAMES SHAH WEB ID: 61991686,Income,bulk_income_credit_train_236,train
Zelle payment from SUSAN MARTIN HZ0ZUR9RE299,Income,bulk_income_credit_train_237,train
CISCO SYSTEMS PAYMENTS PPD ID: 46775000,Income,bulk_income_credit_train_238,train
DOORDASH PAYOUT,Income,bulk_income_credit_train_239,train
Money Network P2P BETTY CLARK WEB ID: 16315862,Income,bulk_income_credit_train_240,train
APPLE INC PAYMENTS PPD ID: 76631698,Income,bulk_income_credit_train_241,train
BENEFIT PAYMENT EDI PYMNTS PPD ID: WVIGLDSODM,Income,bulk_income_credit_train_242,train
ORIG CO NAME:IRS TREAS CO ENTRY DESCR:FED SAL SEC:PPD,Income,bulk_income_credit_train_243,train
Zelle payment from PATRICIA KIM 4RPZDHQZADL5,Income,bulk_income_credit_train_244,train
BENEFIT PAYMENT EDI PYMNTS PPD ID: Q90T1BI2IY,Income,bulk_income_credit_train_245,train
Money Network P2P WILLIAM RODRIGUEZ WEB ID: 00331755,Income,bulk_income_credit_train_246,train
BENEFIT PAYMENT EDI PYMNTS PPD ID: KL4PMLSII4,Income,bulk_income_credit_train_247,train
BENEFIT PAYMENT EDI PYMNTS PPD ID: KK0IEAUH7T,Income,bulk_income_credit_train_248,train
STATE COMPTROLLER 310 XXSSI,Income,bulk_income_credit_train_249,train
US GOVERNMENT DIR DEP PPD ID: 547185326,Income,bulk_income_credit_train_250,train
Zelle payment from MICHELLE MOORE VBRU065RF2KU,Income,bulk_income_credit_train_251,train
Money Network P2P CHARLES SINGH WEB ID: 68389905,Income,bulk_income_credit_train_252,train
Zelle payment from ANTHONY BROWN 677DL9J5693E,Income,bulk_income_credit_train_253,train
Zelle payment from DAVID KIM VGQDZW47VF0L,Income,bulk_income_credit_train_254,train
BENEFIT PAYMENT EDI PYMNTS PPD ID: LLFX4YYXHV,Income,bulk_income_credit_train_255,train
Money Network P2P WILLIAM BROWN WEB ID: 38956664,Income,bulk_income_credit_train_256,train
Zelle payment from DANIEL KIM JDX8NK0YLN2X,Income,bulk_income_credit_train_257,train
INSTACART PAYMENTS PPD ID: 34446005,Income,bulk_income_credit_train_258,train
Zelle payment from SARAH RODRIGUEZ OU6ZWJV4DEFS,Income,bulk_income_credit_train_259,train
BENEFIT PAYMENT EDI PYMNTS PPD ID: JPO5164RJD,Income,bulk_income_credit_train_260,train
HORIZON TECH PAYROLL,Income,bulk_income_credit_train_261,train
BENEFIT PAYMENT EDI PYMNTS PPD ID: 879ZVCHBEO,Income,bulk_income_credit_train_262,train
BENEFIT PAYMENT EDI PYMNTS PPD ID: P7RSAP8K53,Income,bulk_income_credit_train_263,train
BENEFIT PAYMENT EDI PYMNTS PPD ID: ROO4P69CHE,Income,bulk_income_credit_train_264,train
Zelle payment from DANIEL MOORE HAF6L0YL5X5G,Income,bulk_income_credit_train_265,train
BENEFIT PAYMENT EDI PYMNTS PPD ID: YLA2E1O8SZ,Income,bulk_income_credit_train_266,train
BENEFIT PAYMENT EDI PYMNTS PPD ID: EAOCHX8XMB,Income,bulk_income_credit_train_267,train
SALESFORCE DIR DEP PPD ID: 008496580,Income,bulk_income_credit_train_268,train
Zelle payment from NANCY JOHNSON 2RHL72X24M71,Income,bulk_income_credit_train_269,train
Zelle payment from JENNIFER PATEL AMQNK87L301N,Income,bulk_income_credit_train_270,train
BENEFIT PAYMENT EDI PYMNTS PPD ID: WCXDPPCWF4,Income,bulk_income_credit_train_271,train
Zelle payment from STEVEN MARTINEZ 0P1T6KVZ5OMS,Income,bulk_income_credit_train_272,train
Money Network P2P ANTHONY JACKSON WEB ID: 78360167,Income,bulk_income_credit_train_273,train
Zelle payment from THOMAS MOORE 8706FAGKFKXJ,Income,bulk_income_credit_train_274,train
Zelle payment from MARY TAYLOR HOABZTK7GPXD,Income,bulk_income_credit_train_275,train
Zelle payment from SARAH TAYLOR WI1JZSL57Q5G,Income,bulk_income_credit_train_276,train
Zelle payment from JAMES LEE J8Z3H07GTKTB,Income,bulk_income_credit_train_277,train
Zelle payment from KIMBERLY PARK 2DVTHBTZ0QWM,Income,bulk_income_credit_train_278,train
Zelle payment from JOSHUA SANCHEZ WCWN95XKBVC9,Income,bulk_income_credit_train_279,train
Zelle payment from JESSICA JONES J4MZARRZL77H,Income,bulk_income_credit_train_280,train
Payment Refund: TIKTOK SHOP,Income,bulk_income_credit_train_281,train
META PLATFORMS PAYMENTS PPD ID: 92405503,Income,bulk_income_credit_train_282,train
Zelle payment from KIMBERLY ANDERSON H03J3JSLAY4C,Income,bulk_income_credit_train_283,train
Zelle payment from KAREN ANDERSON ZYGV4CGYNG2O,Income,bulk_income_credit_train_284,train
Zelle payment from DAVID CHEN NOS2Q9GH1EH3,Income,bulk_income_credit_train_285,train
Money Network P2P JAMES RODRIGUEZ WEB ID: 75454767,Income,bulk_income_credit_train_286,train
Zelle payment from ANTHONY RAMIREZ 8WNEPZL4J3WH,Income,bulk_income_credit_train_287,train
Zelle payment from MARGARET MARTIN B62I50K4I97S,Income,bulk_income_credit_train_288,train
Zelle payment from CHARLES ANDERSON KM1FRA0DAWUV,Income,bulk_income_credit_train_289,train
BENEFIT PAYMENT EDI PYMNTS PPD ID: OGKF4M9CYA,Income,bulk_income_credit_train_290,train
Zelle payment from JESSICA WHITE 4C1I3MZFEUGE,Income,bulk_income_credit_train_291,train
Zelle payment from SARAH SINGH KNAZJD2BDD3J,Income,bulk_income_credit_train_292,train
PACIFIC CONSULTINGPAYMENTS PPD ID: 48543843,Income,bulk_income_credit_train_293,train
Zelle payment from JOSEPH CLARK AKXURWGSQBYJ,Income,bulk_income_credit_train_294,train
Zelle payment from MARY HERNANDEZ HNA1WC9HAFUW,Income,bulk_income_credit_train_295,train
Zelle payment from PAUL DAVIS C6PUCQ2EBKNP,Income,bulk_income_credit_train_296,train
STANFORD UNIVERSITYPAYROLL PPD ID: 247307971,Income,bulk_income_credit_train_297,train
BENEFIT PAYMENT EDI PYMNTS PPD ID: 5TPFHF30BR,Income,bulk_income_credit_train_298,train
Zelle payment from ANDREW LI 5N4Z6CALF2LC,Income,bulk_income_credit_train_299,train
AMAZON PAYROLL PPD ID: 110476993,Income,bulk_income_credit_train_300,train
BENEFIT PAYMENT EDI PYMNTS PPD ID: W93CCARFBN,Income,bulk_income_credit_train_301,train
Zelle payment from JOSHUA THOMPSON J6V9V28VVKK5,Income,bulk_income_credit_train_302,train
Zelle payment from MATTHEW CHEN FWQOA06ERH6C,Income,bulk_income_credit_train_303,train
IRS TREAS 310 SOC SEC,Income,bulk_income_credit_train_304,train
Money Network P2P MICHELLE PARK WEB ID: 69576228,Income,bulk_income_credit_train_305,train
Zelle payment from DANIEL CHEN X82C3H74Y0B9,Income,bulk_income_credit_train_306,train
Zelle payment from JOSEPH THOMPSON 6RIJU0GYJ4EW,Income,bulk_income_credit_train_307,train
UNEMPLOYMENT INS 310 FED SAL PPD ID: 290866001,Income,bulk_income_credit_train_308,train
Zelle payment from WILLIAM MARTINEZ ON21QIJEAP34,Income,bulk_income_credit_train_309,train
BENEFIT PAYMENT EDI PYMNTS PPD ID: WFQH0OF5SF,Income,bulk_income_credit_train_310,train
Zelle payment from STEVEN SINGH VL0S4C8CU3IW,Income,bulk_income_credit_train_311,train
APPLE INC DIR DEP PPD ID: 855941700,Income,bulk_income_credit_train_312,train
Zelle payment from ANTHONY MOORE K8H6ARUEX99N,Income,bulk_income_credit_train_313,train
Money Network P2P STEVEN ANDERSON WEB ID: 57495844,Income,bulk_income_credit_train_314,train
ORIG CO NAME:GOOGLE LLC CO ENTRY DESCR:PAYROLL SEC:PPD,Income,bulk_income_credit_train_315,train
IRS TREAS BENEFIT PAYMENT,Income,bulk_income_credit_train_316,train
ORIG CO NAME:HORIZON TECH CO ENTRY DESCR:PAYROLL SEC:PPD,Income,bulk_income_credit_train_317,train
ORIG CO NAME:STATE OF CALIFORNIA CO ENTRY DESCR:PAYROLL SEC:PPD,Income,bulk_income_credit_train_318,train
Money Network P2P JAMES LEWIS WEB ID: 68253113,Income,bulk_income_credit_train_319,train
Money Network P2P THOMAS LEWIS WEB ID: 79549078,Income,bulk_income_credit_validation_0,validation
BENEFIT PAYMENT EDI PYMNTS PPD ID: NG4AAQETN6,Income,bulk_income_credit_validation_1,validation
BENEFIT PAYMENT EDI PYMNTS PPD ID: CRD2TKKE25,Income,bulk_income_credit_validation_2,validation
SUMMIT HEALTHCAREPAYMENTS PPD ID: 01619736,Income,bulk_income_credit_validation_3,validation
Zelle payment from ASHLEY LOPEZ 24NWAH0OE17C,Income,bulk_income_credit_validation_4,validation
Zelle payment from LINDA SMITH 5EZS09O0HZS1,Income,bulk_income_credit_validation_5,validation
Money Network P2P MARGARET WALKER WEB ID: 04513702,Income,bulk_income_credit_validation_6,validation
Money Network P2P MARGARET JONES WEB ID: 02594969,Income,bulk_income_credit_validation_7,validation
BENEFIT PAYMENT EDI PYMNTS PPD ID: W1D31CQROP,Income,bulk_income_credit_validation_8,validation
STATE COMPTROLLERBENEFIT PMT PPD ID: 856302923,Income,bulk_income_credit_validation_9,validation
Zelle payment from CHARLES HERNANDEZ UH9XKITSJLTU,Income,bulk_income_credit_validation_10,validation
BENEFIT PAYMENT EDI PYMNTS PPD ID: 9LRHZF9ZZ1,Income,bulk_income_credit_validation_11,validation
Zelle payment from PAUL LI E0HEJ8JAHRI3,Income,bulk_income_credit_validation_12,validation
BENEFIT PAYMENT EDI PYMNTS PPD ID: EBQ3IUSD6O,Income,bulk_income_credit_validation_13,validation
BENEFIT PAYMENT EDI PYMNTS PPD ID: 5QAUC200J6,Income,bulk_income_credit_validation_14,validation
Money Network P2P STEVEN MILLER WEB ID: 47530652,Income,bulk_income_credit_validation_15,validation
Zelle payment from ASHLEY MILLER RXL5K2NHTO2L,Income,bulk_income_credit_validation_16,validation
SUMMIT HEALTHCAREDIR DEP PPD ID: 130957717,Income,bulk_income_credit_validation_17,validation
Zelle payment from JESSICA WILSON CLJJVGLZIIBI,Income,bulk_income_credit_validation_18,validation
CHILD TAX CREDIT BENEFIT PAYMENT,Income,bulk_income_credit_validation_19,validation
DOORDASH PAYMENTS PPD ID: 47547519,Income,bulk_income_credit_validation_20,validation
Zelle payment from JOHN MILLER JZZWVZMV9OI0,Income,bulk_income_credit_validation_21,validation
Money Network P2P ELIZABETH WANG WEB ID: 19517721,Income,bulk_income_credit_validation_22,validation
Zelle payment from MATTHEW DAVIS QNOIIS85QKSL,Income,bulk_income_credit_validation_23,validation
BENEFIT PAYMENT EDI PYMNTS PPD ID: LV63SNI2J4,Income,bulk_income_credit_validation_24,validation
Money Network P2P JOSEPH SINGH WEB ID: 67523854,Income,bulk_income_credit_validation_25,validation
BENEFIT PAYMENT EDI PYMNTS PPD ID: 5JGL4SM4P9,Income,bulk_income_credit_validation_26,validation
ADOBE INC DIR DEP PPD ID: 987813703,Income,bulk_income_credit_validation_27,validation
STATE OF CALIFORNIAPAYMENTS PPD ID: 52330467,Income,bulk_income_credit_validation_28,validation
Money Network P2P RICHARD MOORE WEB ID: 68911279,Income,bulk_income_credit_validation_29,validation
Zelle payment from MICHELLE MILLER 1SD6JTWOEU5V,Income,bulk_income_credit_validation_30,validation
Zelle payment from DONNA WILLIAMS BF9I7QA3M9ZN,Income,bulk_income_credit_validation_31,validation
Payment Refund: YOUTUBE PREMIUM,Income,bulk_income_credit_validation_32,validation
Money Network P2P MICHELLE CLARK WEB ID: 48022410,Income,bulk_income_credit_validation_33,validation
Money Network P2P EMILY JACKSON WEB ID: 99744026,Income,bulk_income_credit_validation_34,validation
Zelle payment from KAREN SANCHEZ 96M8PVKMCPZR,Income,bulk_income_credit_validation_35,validation
Payment Refund: ETSY,Income,bulk_income_credit_validation_36,validation
Zelle payment from DAVID PEREZ 8MWVY88E2YRC,Income,bulk_income_credit_validation_37,validation
BENEFIT PAYMENT EDI PYMNTS PPD ID: 9LLLRJVPS8,Income,bulk_income_credit_validation_38,validation
Zelle payment from MARK KIM 3VIXN0V3GUL1,Income,bulk_income_credit_validation_39,validation
Zelle payment from ASHLEY SMITH UCK6JVBJ14SR,Income,bulk_income_credit_test_0,test
BENEFIT PAYMENT EDI PYMNTS PPD ID: SYILKY4GR8,Income,bulk_income_credit_test_1,test
BENEFIT PAYMENT EDI PYMNTS PPD ID: 8N6JXHKYEE,Income,bulk_income_credit_test_2,test
VA BENEFITS 310 FED SAL,Income,bulk_income_credit_test_3,test
PACIFIC CONSULTINGDIR DEP PPD ID: 395604579,Income,bulk_income_credit_test_4,test
BENEFIT PAYMENT EDI PYMNTS PPD ID: YDKU3N7CPX,Income,bulk_income_credit_test_5,test
Zelle payment from ANDREW THOMAS 1CUUNZ3TBZAA,Income,bulk_income_credit_test_6,test
BENEFIT PAYMENT EDI PYMNTS PPD ID: XI1X8PTJ5I,Income,bulk_income_credit_test_7,test
Money Network P2P ROBERT LOPEZ WEB ID: 08563332,Income,bulk_income_credit_test_8,test
ETSY SELLER PAYMENT,Income,bulk_income_credit_test_9,test
Zelle payment from DONALD MOORE YHUZO41MC49S,Income,bulk_income_credit_test_10,test
Zelle payment from JOHN RODRIGUEZ SM8RBYR7XSY9,Income,bulk_income_credit_test_11,test
BENEFIT PAYMENT EDI PYMNTS PPD ID: QNW74Z5L3S,Income,bulk_income_credit_test_12,test
Money Network P2P CHARLES WALKER WEB ID: 56200421,Income,bulk_income_credit_test_13,test
Zelle payment from DAVID ROBINSON KU5GZTYO30MO,Income,bulk_income_credit_test_14,test
Zelle payment from ANTHONY WONG SRH45XMU01L5,Income,bulk_income_credit_test_15,test
Money Network P2P RICHARD DAVIS WEB ID: 72163202,Income,bulk_income_credit_test_16,test
Money Network P2P MARGARET WILLIAMS WEB ID: 64006316,Income,bulk_income_credit_test_17,test
Money Network P2P RICHARD NGUYEN WEB ID: 95625885,Income,bulk_income_credit_test_18,test
APPLE INC PAYROLL PPD ID: 512765981,Income,bulk_income_credit_test_19,test
EBAY SELLER PAYMENT,Income,bulk_income_credit_test_20,test
Zelle payment from JOHN JONES WJNRGTPB7DNZ,Income,bulk_income_credit_test_21,test
Zelle payment from JOSEPH DAVIS EOSH80B3EBOE,Income,bulk_income_credit_test_22,test
Zelle payment from LISA TAYLOR 8YJMCWFQ8G0I,Income,bulk_income_credit_test_23,test
Zelle payment from JESSICA DAVIS ZVBIGMFARXBW,Income,bulk_income_credit_test_24,test
Money Network P2P BARBARA PARK WEB ID: 54737201,Income,bulk_income_credit_test_25,test
Money Network P2P JOSEPH BROWN WEB ID: 24970493,Income,bulk_income_credit_test_26,test
FIVERR PAYOUT,Income,bulk_income_credit_test_27,test
Zelle payment from MICHELLE LEE 6H4ZCZN7XTVL,Income,bulk_income_credit_test_28,test
BENEFIT PAYMENT EDI PYMNTS PPD ID: 8BO2C03LTB,Income,bulk_income_credit_test_29,test
SSA TREAS BENEFIT PAYMENT,Income,bulk_income_credit_test_30,test
BENEFIT PAYMENT EDI PYMNTS PPD ID: CHE38GFPP9,Income,bulk_income_credit_test_31,test
Money Network P2P JOSHUA SANCHEZ WEB ID: 03845324,Income,bulk_income_credit_test_32,test
Zelle payment from PAUL LEWIS QI0297LYABFS,Income,bulk_income_credit_test_33,test
Money Network P2P ANDREW DAVIS WEB ID: 68601221,Income,bulk_income_credit_test_34,test
Zelle payment from SUSAN PARK I0PV4U5W8NMW,Income,bulk_income_credit_test_35,test
Money Network P2P STEVEN BROWN WEB ID: 66467983,Income,bulk_income_credit_test_36,test
Money Network P2P JOSEPH SANCHEZ WEB ID: 62046530,Income,bulk_income_credit_test_37,test
Zelle payment from DONNA SHAH HVHS0V39AFUD,Income,bulk_income_credit_test_38,test
Zelle payment from DAVID JONES X1TGBHOO82O6,Income,bulk_income_credit_test_39,test
COSTCO GAS - SAN FRANCISCO,Transport,bulk_transport_debit_train_0,train
Exxon - Philadelphia,Transport,bulk_transport_debit_train_1,train
lyft *trip portland 1pcjob,Transport,bulk_transport_debit_train_2,train
quiktrip #03049 oakland,Transport,bulk_transport_debit_train_3,train
COSTCO GAS #45511 BROOKLYN,Transport,bulk_transport_debit_train_4,train
QUIKTRIP - SAN DIEGO,Transport,bulk_transport_debit_train_5,train
costco gas - pittsburgh,Transport,bulk_transport_debit_train_6,train
LYFT *TRIP NEW YORK S578Q4,Transport,bulk_transport_debit_train_7,train
LYFT *TRIP SAN FRANCISCO WCX7CU,Transport,bulk_transport_debit_train_8,train
PREAUTHORIZED WITHDRAWAL TO CITY PARKING,Transport,bulk_transport_debit_train_9,train
bp #41459 raleigh,Transport,bulk_transport_debit_train_10,train
PARKWHIZ 3427 MARKET ST INDIANAPOLIS 46201 IN USA,Transport,bulk_transport_debit_train_11,train
LYFT *TRIP FREMONT QCJ8DE,Transport,bulk_transport_debit_train_12,train
SP PLUS 9560 INDUSTRIAL WAY LAS VEGAS 89101 NV USA,Transport,bulk_transport_debit_train_13,train
WITHDRAWAL FROM CITY PARKING,Transport,bulk_transport_debit_train_14,train
PHILLIPS 66 #488 DENVER,Transport,bulk_transport_debit_train_15,train
SPEEDWAY*Q7JA7SCODHDX,Transport,bulk_transport_debit_train_16,train
PIKEPASS TOLL PMT WEB ID: WAT441K3,Transport,bulk_transport_debit_train_17,train
Autozone; Charge,Transport,bulk_transport_debit_train_18,train
lyft *trip columbus xzn90i,Transport,bulk_transport_debit_train_19,train
Chargepoint *tesla Supercharger Station 7366,Transport,bulk_transport_debit_train_20,train
UBER *TRIP TAMPA 44OVVC,Transport,bulk_transport_credit_train_21,train
Lyft *trip Queens 54xfq1,Transport,bulk_transport_debit_train_22,train
take 5 car wash - hayward,Transport,bulk_transport_debit_train_23,train
EXXON #1436 NASHVILLE,Transport,bulk_transport_debit_train_24,train
FASTRAK AUTO REPLENISH,Transport,bulk_transport_debit_train_25,train
GOOD TO GO TOLL PMT WEB ID: 5AEN28SN,Transport,bulk_transport_debit_train_26,train
PP*PARKME,Transport,bulk_transport_debit_train_27,train
LYFT *TRIP TAMPA X3J239,Transport,bulk_transport_debit_train_28,train
electrify america #93206,Transport,bulk_transport_debit_train_29,train
Parkme Inc.,Transport,bulk_transport_debit_train_30,train
CALTRAIN 2217 CENTER RD MIAMI 33101-0105FL USA,Transport,bulk_transport_debit_train_31,train
WMATA INC.,Transport,bulk_transport_debit_train_32,train
WITHDRAWAL FROM SPOTHERO,Transport,bulk_transport_debit_train_33,train
citgo*mzz0j1p1mhby,Transport,bulk_transport_debit_train_34,train
TXTAG AUTO REPLENISH,Transport,bulk_transport_debit_train_35,train
PREAUTHORIZED WITHDRAWAL TO LAZ PARKING,Transport,bulk_transport_debit_train_36,train
Mta 1892 Main St Pittsburgh 15201 Pa Usa,Transport,bulk_transport_debit_train_37,train
take 5 car wash #0435 minneapolis,Transport,bulk_transport_debit_train_38,train
JIFFY LUBE*ZLUSSYUT4,Transport,bulk_transport_debit_train_39,train
BLINK CHARGING 8318 MAIN RD HOUSTON77001 TX USA,Transport,bulk_transport_debit_train_40,train
BP*HIK8ZF4ME,Transport,bulk_transport_debit_train_41,train
BART 5687 INDUSTRIAL AVE PITTSBURGH15201 PA USA,Transport,bulk_transport_debit_train_42,train
MOBIL #30019 SACRAMENTO,Transport,bulk_transport_debit_train_43,train
GOODYEAR #80447 CHICAGO,Transport,bulk_transport_debit_train_44,train
CA DMV,Transport,bulk_transport_debit_train_45,train
WITHDRAWAL FROM SMOG CHECK,Transport,bulk_transport_debit_train_46,train
wmata 5925 center pkwy sacramento 95814 ca usa,Transport,bulk_transport_debit_train_47,train
SPEEDWAY*XUSBMUZD4RX,Transport,bulk_transport_debit_train_48,train
SHELL #3099 OAKLAND,Transport,bulk_transport_debit_train_49,train
PAYPAL INST XFER SMOG CHECK WEB ID: PAYPALSI56,Transport,bulk_transport_debit_train_50,train
SHELL #30747 NEWARK,Transport,bulk_transport_debit_train_51,train
DEPT OF MOTOR VEHICLES 8270 MAIN ST UNION CITY 94587-7086CA USA,Transport,bulk_transport_credit_train_52,train
Mister Car Wash 6858 Market Rd Minneapolis 55401-9617mn Usa,Transport,bulk_transport_debit_train_53,train
Uber *trip Sacramento Kacfxl,Transport,bulk_transport_credit_train_54,train
CHARGEPOINT BOSTON,Transport,bulk_transport_debit_train_55,train
Semaconnect 8672 Oak Blvd Brooklyn 11201 Ny Usa,Transport,bulk_transport_debit_train_56,train
LAZ PARKING 2977 MISSION BLVD COLUMBUS 43201 OH USA,Transport,bulk_transport_debit_train_57,train
Express Checkout Payment: MIDAS,Transport,bulk_transport_debit_train_58,train
UBER *TRIP NEWARK A6GRFQ,Transport,bulk_transport_debit_train_59,train
WAWA #7267 NEW YORK,Transport,bulk_transport_debit_train_60,train
SEMACONNECT 6012 UNIVERSITY PKWY MINNEAPOLIS 55401-1305MN USA,Transport,bulk_transport_debit_train_61,train
Arco*ydqd7p64ju,Transport,bulk_transport_debit_train_62,train
LYFT *TRIP CHARLOTTE UVWBXW,Transport,bulk_transport_debit_train_63,train
blink charging sacramento,Transport,bulk_transport_debit_train_64,train
ZIPS CAR WASH 5298 INDUSTRIAL PKWY HOUSTON77001 TX USA,Transport,bulk_transport_debit_train_65,train
WITHDRAWAL FROM BART,Transport,bulk_transport_debit_train_66,train
Midas 2789 Market St Hayward 94541 Ca Usa,Transport,bulk_transport_debit_train_67,train
CHARGEPOINT PORTLAND,Transport,bulk_transport_debit_train_68,train
UBER *TRIP PHOENIX G6M6Z3,Transport,bulk_transport_debit_train_69,train
LYFT *TRIP SALT LAKE CITY LI52FI,Transport,bulk_transport_debit_train_70,train
PYPL *GOODYEAR,Transport,bulk_transport_debit_train_71,train
76 - Newark,Transport,bulk_transport_debit_train_72,train
exxon #63059 charlotte,Transport,bulk_transport_debit_train_73,train
LYFT *TRIP ORLANDO K2XG3E,Transport,bulk_transport_debit_train_74,train
LYFT *TRIP PITTSBURGH BIHXL6,Transport,bulk_transport_debit_train_75,train
TESLA SUPERCHARGER SEATTLE,Transport,bulk_transport_debit_train_76,train
SUNOCO*O6UBB2I0,Transport,bulk_transport_debit_train_77,train
BLINK CHARGING CHICAGO,Transport,bulk_transport_debit_train_78,train
PAYPAL INST XFER LAZ PARKING WEB ID: PAYPALSI31,Transport,bulk_transport_debit_train_79,train
PreApproved Payment Bill User Payment: ACE PARKING,Transport,bulk_transport_debit_train_80,train
MOBIL #61591 NEWARK,Transport,bulk_transport_debit_train_81,train
MARATHON #5923 DENVER,Transport,bulk_transport_debit_train_82,train
PREAUTHORIZED WITHDRAWAL TO CTA,Transport,bulk_transport_debit_train_83,train
PARKME; Purchase,Transport,bulk_transport_debit_train_84,train
SHELL*NJS6A76K6JS,Transport,bulk_transport_debit_train_85,train
TESLA SUPERCHARGER 7110 INDUSTRIAL LN TAMPA33601 FL USA,Transport,bulk_transport_debit_train_86,train
quiktrip*caf4of557,Transport,bulk_transport_debit_train_87,train
LYFT *TRIP HOUSTON C5JWQV,Transport,bulk_transport_debit_train_88,train
OIL CHANGERS.COM,Transport,bulk_transport_debit_train_89,train
BLINK CHARGING 5998 INDUSTRIAL CT SAN FRANCISCO94102 CA USA,Transport,bulk_transport_debit_train_90,train
WMATA 9582 MARKET CT ATLANTA 30301-1157GA USA,Transport,bulk_transport_debit_train_91,train
Lyft *trip Tampa 6vv674,Transport,bulk_transport_debit_train_92,train
SHELL #163 QUEENS,Transport,bulk_transport_debit_train_93,train
ARCO*EOL09H5UG96,Transport,bulk_transport_debit_train_94,train
evgo sacramento,Transport,bulk_transport_debit_train_95,train
BART INC,Transport,bulk_transport_debit_train_96,train
CHEVRON #4068 ATLANTA,Transport,bulk_transport_debit_train_97,train
SHEETZ - LAS VEGAS,Transport,bulk_transport_debit_train_98,train
WAWA #0424 QUEENS,Transport,bulk_transport_debit_train_99,train
CALTRAIN 9069 INDUSTRIAL RD PHILADELPHIA 19101-9136PA USA,Transport,bulk_transport_debit_train_100,train
WAWA*I188AVMX,Transport,bulk_transport_debit_train_101,train
take 5 car wash.com,Transport,bulk_transport_debit_train_102,train
76 - DENVER,Transport,bulk_transport_debit_train_103,train
Lyft *trip Queens 15lwwb,Transport,bulk_transport_debit_train_104,train
Mister Car Wash,Transport,bulk_transport_debit_train_105,train
BLINK CHARGING 2508 MARKET AVE RALEIGH 27601-2238NC USA,Transport,bulk_transport_debit_train_106,train
Lyft *trip Queens L28vps,Transport,bulk_transport_debit_train_107,train
Citgo*6zianzwmo,Transport,bulk_transport_debit_train_108,train
LYFT *TRIP DENVER EV0E0D,Transport,bulk_transport_debit_train_109,train
UBER *TRIP SAN FRANCISCO XA2U1K,Transport,bulk_transport_debit_train_110,train
ACE PARKING CO,Transport,bulk_transport_debit_train_111,train
Chargepoint 3417 Industrial Blvd San Jose 95101-6275ca Usa,Transport,bulk_transport_debit_train_112,train
PAYPAL *CTA 3R5K9JQCVF,Transport,bulk_transport_debit_train_113,train
CITY PARKING INC.,Transport,bulk_transport_debit_train_114,train
UBER *TRIP BOSTON KWH4KF,Transport,bulk_transport_debit_train_115,train
VOLTA CHARGING 7183 INDUSTRIAL ST NEW YORK 10001-4820NY USA,Transport,bulk_transport_debit_train_116,train
UBER *TRIP CHICAGO 3SS7QZ,Transport,bulk_transport_debit_train_117,train
PYPL*QUICK SMOG,Transport,bulk_transport_debit_train_118,train
MOBIL - SAN JOSE,Transport,bulk_transport_debit_train_119,train
Mister Car Wash; Purchase,Transport,bulk_transport_debit_train_120,train
electrify america salt lake city,Transport,bulk_transport_debit_train_121,train
CITGO*X84G8G92U,Transport,bulk_transport_debit_train_122,train
UBER *TRIP SALT LAKE CITY BC38WP,Transport,bulk_transport_debit_train_123,train
ARCO*2ES9N3VTYPM1,Transport,bulk_transport_debit_train_124,train
Marathon*rtiqe1q1wu,Transport,bulk_transport_debit_train_125,train
GOOD TO GO TOLLS,Transport,bulk_transport_debit_train_126,train
Evgo 830 Industrial Way San Diego 92101 Ca Usa,Transport,bulk_transport_debit_train_127,train
Pikepass Auto Replenish,Transport,bulk_transport_debit_train_128,train
ADVANCE AUTO 3653 MARKET ST QUEENS11101 NY USA,Transport,bulk_transport_debit_train_129,train
SMOG STATION*KP8TWLQE,Transport,bulk_transport_debit_train_130,train
TAKE 5 CAR WASH 17040,Transport,bulk_transport_debit_train_131,train
LAZ PARKING.COM,Transport,bulk_transport_debit_train_132,train
MTA; SUBSCRIPTION,Transport,bulk_transport_debit_train_133,train
QUICK SMOG 714 MISSION ST DENVER 80201 CO USA,Transport,bulk_transport_debit_train_134,train
EXXON #29798 QUEENS,Transport,bulk_transport_debit_train_135,train
MARATHON - COLUMBUS,Transport,bulk_transport_debit_train_136,train
76*ARBBP3B1L9N,Transport,bulk_transport_debit_train_137,train
NAPA AUTO; SUBSCRIPTION,Transport,bulk_transport_debit_train_138,train
quick quack - boston,Transport,bulk_transport_debit_train_139,train
76 #288 LOS ANGELES,Transport,bulk_transport_debit_train_140,train
MOBIL - OAKLAND,Transport,bulk_transport_debit_train_141,train
PREAUTHORIZED WITHDRAWAL TO AMERICAS TIRE,Transport,bulk_transport_debit_train_142,train
WITHDRAWAL FROM SMOG STATION,Transport,bulk_transport_debit_train_143,train
ARCO - SAN DIEGO,Transport,bulk_transport_debit_train_144,train
uber *trip los angeles vcgsnc,Transport,bulk_transport_debit_train_145,train
VOLTA CHARGING BROOKLYN,Transport,bulk_transport_debit_train_146,train
CITY PARKING 2747 OAK RD RALEIGH27601 NC USA,Transport,bulk_transport_debit_train_147,train
VEHICLE REGISTRATION 1608 INDUSTRIAL ST SAN DIEGO 92101 CA USA,Transport,bulk_transport_debit_train_148,train
UBER *TRIP NASHVILLE 70XKO5,Transport,bulk_transport_debit_train_149,train
CHEVRON - PHILADELPHIA,Transport,bulk_transport_debit_train_150,train
TXTAG TOLL PMT WEB ID: S0ST6S04,Transport,bulk_transport_debit_train_151,train
TAKE 5 CAR WASH 7097 BROADWAY ST FREMONT 94536-4232CA USA,Transport,bulk_transport_debit_train_152,train
Shell*etxbjubaem2,Transport,bulk_transport_debit_train_153,train
Mobil*fqqh78nfchyg,Transport,bulk_transport_debit_train_154,train
LYFT *TRIP HOUSTON L9TK18,Transport,bulk_transport_debit_train_155,train
TXTAG TOLL PMT WEB ID: J6EA5QT4,Transport,bulk_transport_debit_train_156,train
Laz Parking Co,Transport,bulk_transport_debit_train_157,train
PAYPAL INST XFER TAKE 5 CAR WASH WEB ID: PAYPALSI20,Transport,bulk_transport_debit_train_158,train
WAWA - MIAMI,Transport,bulk_transport_debit_train_159,train
Marathon - Salt Lake City,Transport,bulk_transport_debit_train_160,train
DISCOUNT TIRE.COM,Transport,bulk_transport_debit_train_161,train
QUICK QUACK - NEWARK,Transport,bulk_transport_debit_train_162,train
UBER *TRIP SAN JOSE EFOXNU,Transport,bulk_transport_debit_train_163,train
CTA 9874 OAK PKWY FREMONT 94536 CA USA,Transport,bulk_transport_debit_train_164,train
FASTRAK TOLL PMT WEB ID: TPDJ0691,Transport,bulk_transport_credit_train_165,train
CITGO*B9A91U3H7CAB,Transport,bulk_transport_debit_train_166,train
SHEETZ - SACRAMENTO,Transport,bulk_transport_debit_train_167,train
sp plus - salt lake city,Transport,bulk_transport_debit_train_168,train
Lyft *trip Miami T1mq79,Transport,bulk_transport_debit_train_169,train
ADVANCE AUTO 4561 MARKET LN BROOKLYN11201 NY USA,Transport,bulk_transport_debit_train_170,train
MIDAS CORP,Transport,bulk_transport_debit_train_171,train
CASEY'S*QQVKBWBXE,Transport,bulk_transport_debit_train_172,train
SPEEDWAY - NASHVILLE,Transport,bulk_transport_debit_train_173,train
Arco*fnscb8r8br,Transport,bulk_transport_debit_train_174,train
UBER *TRIP PORTLAND 2AAUVZ,Transport,bulk_transport_debit_train_175,train
LYFT *TRIP LOS ANGELES ZYQ8GX,Transport,bulk_transport_debit_train_176,train
lyft *trip new york wvfot3,Transport,bulk_transport_debit_train_177,train
MISTER CAR WASH*QD3HEHPQF,Transport,bulk_transport_debit_train_178,train
LYFT *TRIP PORTLAND P0RJPU,Transport,bulk_transport_debit_train_179,train
PARKME #5442 LAS VEGAS,Transport,bulk_transport_debit_train_180,train
volta charging union city,Transport,bulk_transport_debit_train_181,train
CASEY'S - DALLAS,Transport,bulk_transport_debit_train_182,train
BLINK CHARGING ORLANDO,Transport,bulk_transport_debit_train_183,train
PYPL*OIL CHANGERS,Transport,bulk_transport_debit_train_184,train
SHELL - TAMPA,Transport,bulk_transport_debit_train_185,train
TXTAG TOLL PMT WEB ID: WUQ8W4GJ,Transport,bulk_transport_debit_train_186,train
VALERO #10855 OAKLAND,Transport,bulk_transport_debit_train_187,train
UBER *TRIP HAYWARD D14RUI,Transport,bulk_transport_debit_train_188,train
LYFT *TRIP FREMONT XBHAQI,Transport,bulk_transport_debit_train_189,train
CHEVRON - NASHVILLE,Transport,bulk_transport_debit_train_190,train
evgo 4668 main dr charlotte28201 nc usa,Transport,bulk_transport_debit_train_191,train
CITGO #2899 PITTSBURGH,Transport,bulk_transport_debit_train_192,train
PARKME 194 PARK ST ORLANDO 32801-5492FL USA,Transport,bulk_transport_debit_train_193,train
UBER *TRIP RALEIGH BIBM81,Transport,bulk_transport_debit_train_194,train
Phillips 66 #18270 Union City,Transport,bulk_transport_debit_train_195,train
PreApproved Payment Bill User Payment: PARKSMART,Transport,bulk_transport_debit_train_196,train
LAZ PARKING #9249 TAMPA,Transport,bulk_transport_debit_train_197,train
UBER *TRIP SAN JOSE 19Y1QJ,Transport,bulk_transport_debit_train_198,train
Sheetz #192 Tampa,Transport,bulk_transport_credit_train_199,train
CHEVRON #45073 UNION CITY,Transport,bulk_transport_debit_train_200,train
MAACO 380 ELM PKWY SAN FRANCISCO 94102-0226CA USA,Transport,bulk_transport_debit_train_201,train
76*X7ORME4M33C5,Transport,bulk_transport_debit_train_202,train
PARKME - SAN FRANCISCO,Transport,bulk_transport_debit_train_203,train
QUIKTRIP #727 CHICAGO,Transport,bulk_transport_debit_train_204,train
ADVANCE AUTO #214 CHICAGO,Transport,bulk_transport_debit_train_205,train
MTA CORP,Transport,bulk_transport_debit_train_206,train
DEPT OF MOTOR VEHICLES FEE,Transport,bulk_transport_debit_train_207,train
costco gas*cocu8u7u8gv7,Transport,bulk_transport_debit_train_208,train
ACE PARKING #1708 SAN FRANCISCO,Transport,bulk_transport_debit_train_209,train
VALERO*CARCZGCW8F0H,Transport,bulk_transport_debit_train_210,train
UBER *TRIP SEATTLE B70WL1,Transport,bulk_transport_debit_train_211,train
PAYPAL INST XFER MIDAS WEB ID: PAYPALSI62,Transport,bulk_transport_debit_train_212,train
MOBIL #458 HOUSTON,Transport,bulk_transport_debit_train_213,train
VALERO*3G6M3ES7E,Transport,bulk_transport_debit_train_214,train
quiktrip - los angeles,Transport,bulk_transport_debit_train_215,train
LYFT *TRIP RALEIGH AK2X22,Transport,bulk_transport_debit_train_216,train
casey's*9ecx9pgq,Transport,bulk_transport_debit_train_217,train
EXPRESS CHECKOUT PAYMENT: ADVANCE AUTO,Transport,bulk_transport_debit_train_218,train
UBER *TRIP LAS VEGAS N5K207,Transport,bulk_transport_debit_train_219,train
lyft *trip oakland f3ynrl,Transport,bulk_transport_debit_train_220,train
Casey's - Orlando,Transport,bulk_transport_debit_train_221,train
ZIPS CAR WASH; PAYMENT,Transport,bulk_transport_debit_train_222,train
CTA - MINNEAPOLIS,Transport,bulk_transport_debit_train_223,train
PP*MISTER CAR WASH,Transport,bulk_transport_debit_train_224,train
76 - CHARLOTTE,Transport,bulk_transport_credit_train_225,train
PARKME 503 ELM DR PITTSBURGH15201 PA USA,Transport,bulk_transport_debit_train_226,train
Uber *trip San Diego 0a0hm2,Transport,bulk_transport_debit_train_227,train
SHELL #6402 COLUMBUS,Transport,bulk_transport_debit_train_228,train
UBER *TRIP MINNEAPOLIS BS8WN3,Transport,bulk_transport_debit_train_229,train
COSTCO GAS*UOZD9WDHGYYZ,Transport,bulk_transport_debit_train_230,train
Electrify America Sacramento,Transport,bulk_transport_debit_train_231,train
WAWA - BROOKLYN,Transport,bulk_transport_debit_train_232,train
PAYPAL *QUICK QUACK,Transport,bulk_transport_debit_train_233,train
uber *trip portland c39z26,Transport,bulk_transport_debit_train_234,train
Uber *trip Fremont 05t654,Transport,bulk_transport_debit_train_235,train
UBER *TRIP MINNEAPOLIS P72LBH,Transport,bulk_transport_debit_train_236,train
SPEEDWAY - BROOKLYN,Transport,bulk_transport_debit_train_237,train
Quiktrip - Chicago,Transport,bulk_transport_debit_train_238,train
GOOD TO GO REPLENISH,Transport,bulk_transport_debit_train_239,train
Pypl *maaco,Transport,bulk_transport_debit_train_240,train
SHELL - PITTSBURGH,Transport,bulk_transport_debit_train_241,train
WMATA 3996 INDUSTRIAL DR BROOKLYN11201 NY USA,Transport,bulk_transport_debit_train_242,train
CTA INC.,Transport,bulk_transport_debit_train_243,train
preauthorized withdrawal to parkme,Transport,bulk_transport_debit_train_244,train
Uber *trip San Diego Y1cgy9,Transport,bulk_transport_debit_train_245,train
LYFT *TRIP COLUMBUS PW6D96,Transport,bulk_transport_debit_train_246,train
sheetz*2zc8cjbpv5m,Transport,bulk_transport_debit_train_247,train
ARCO #721 DENVER,Transport,bulk_transport_debit_train_248,train
EXXON #65311 LOS ANGELES,Transport,bulk_transport_debit_train_249,train
DEPT OF MOTOR VEHICLES 4818 BROADWAY ST MINNEAPOLIS 55401-5475MN USA,Transport,bulk_transport_debit_train_250,train
LYFT *TRIP MIAMI D32A7W,Transport,bulk_transport_debit_train_251,train
MISTER CAR WASH; PAYMENT,Transport,bulk_transport_debit_train_252,train
76*BAD7GC0S9,Transport,bulk_transport_debit_train_253,train
PHILLIPS 66 1480886,Transport,bulk_transport_credit_train_254,train
MTA 6521 CENTER RD PHOENIX 85001 AZ USA,Transport,bulk_transport_debit_train_255,train
UBER *TRIP PHILADELPHIA D3JOF4,Transport,bulk_transport_debit_train_256,train
Vehicle Registration 475 Industrial Blvd Sacramento95814 Ca Usa,Transport,bulk_transport_debit_train_257,train
SHEETZ*HAWD7ZPAA256,Transport,bulk_transport_debit_train_258,train
VALERO #729 BOSTON,Transport,bulk_transport_debit_train_259,train
discount tire #831 pittsburgh,Transport,bulk_transport_debit_train_260,train
Paypal *firestone Hrkt4s7nxt,Transport,bulk_transport_debit_train_261,train
SMOG STATION 1279 PARK ST PHILADELPHIA 19101-5453PA USA,Transport,bulk_transport_debit_train_262,train
take 5 car wash 4113 park st nashville 37201-6515tn usa,Transport,bulk_transport_debit_train_263,train
SHEETZ #8659 SAN DIEGO,Transport,bulk_transport_debit_train_264,train
VALERO 2923,Transport,bulk_transport_debit_train_265,train
FIRESTONE 1834 UNIVERSITY WAY SAN DIEGO92101 CA USA,Transport,bulk_transport_debit_train_266,train
CITGO - MIAMI,Transport,bulk_transport_debit_train_267,train
ARCO #0826 FREMONT,Transport,bulk_transport_debit_train_268,train
I-PASS AUTO REPLENISH,Transport,bulk_transport_debit_train_269,train
BP #2531 DALLAS,Transport,bulk_transport_debit_train_270,train
UBER *TRIP NEWARK RUUC9G,Transport,bulk_transport_debit_train_271,train
Withdrawal from PARKSMART,Transport,bulk_transport_debit_train_272,train
QUICK QUACK 6506 CENTER DR SEATTLE98101 WA USA,Transport,bulk_transport_debit_train_273,train
FIRESTONE - ATLANTA,Transport,bulk_transport_debit_train_274,train
STATE DMV 2923 MARKET CT BOSTON 02101 MA USA,Transport,bulk_transport_debit_train_275,train
MAACO INC.,Transport,bulk_transport_debit_train_276,train
smog station 1834 park dr miami 33101-9930fl usa,Transport,bulk_transport_debit_train_277,train
ELECTRIFY AMERICA 6238 INDUSTRIAL PKWY SAN JOSE 95101-1953CA USA,Transport,bulk_transport_debit_train_278,train
caltrain - atlanta,Transport,bulk_transport_debit_train_279,train
GOODYEAR 4490 OAK LN CHICAGO 60601-4268IL USA,Transport,bulk_transport_debit_train_280,train
Casey's #90268 Minneapolis,Transport,bulk_transport_debit_train_281,train
Bp #94975 Salt Lake City,Transport,bulk_transport_debit_train_282,train
MISTER CAR WASH #494 OAKLAND,Transport,bulk_transport_debit_train_283,train
AMERICAS TIRE 5140 MISSION WAY SAN JOSE 95101 CA USA,Transport,bulk_transport_debit_train_284,train
PAYPAL *TOMMY'S EXPRESS,Transport,bulk_transport_debit_train_285,train
LYFT *TRIP TAMPA 24HNO5,Transport,bulk_transport_debit_train_286,train
LYFT *TRIP PHILADELPHIA MKRCHD,Transport,bulk_transport_debit_train_287,train
TAKE 5 CAR WASH 9103 MAIN DR SAN FRANCISCO94102 CA USA,Transport,bulk_transport_debit_train_288,train
uber *trip miami shn78o,Transport,bulk_transport_debit_train_289,train
76 - COLUMBUS,Transport,bulk_transport_debit_train_290,train
caltrain*el0ei10x6u7m,Transport,bulk_transport_debit_train_291,train
SUNPASS TOLL PMT WEB ID: C1KYXH7Y,Transport,bulk_transport_debit_train_292,train
Lyft *trip Minneapolis Nhe4xl,Transport,bulk_transport_debit_train_293,train
UBER *TRIP PHILADELPHIA DVZNN9,Transport,bulk_transport_debit_train_294,train
SHELL*DWSTU6O65,Transport,bulk_transport_debit_train_295,train
CITY PARKING 2418 MAIN CT DALLAS 75201-2804TX USA,Transport,bulk_transport_debit_train_296,train
preauthorized withdrawal to quick smog,Transport,bulk_transport_debit_train_297,train
cta 887 broadway ln boston 02101 ma usa,Transport,bulk_transport_debit_train_298,train
VOLTA CHARGING LAS VEGAS,Transport,bulk_transport_debit_train_299,train
QUICK SMOG 7481 PARK PKWY CHARLOTTE28201 NC USA,Transport,bulk_transport_debit_train_300,train
DEPT OF MOTOR VEHICLES 6422 INDUSTRIAL RD CHICAGO 60601-7857IL USA,Transport,bulk_transport_debit_train_301,train
Smog Station 9012 Oak Ln Raleigh 27601-8090nc Usa,Transport,bulk_transport_debit_train_302,train
SPEEDWAY*UFFEXUT3KLGJ,Transport,bulk_transport_debit_train_303,train
VOLTA CHARGING NEW YORK,Transport,bulk_transport_debit_train_304,train
O'REILLY AUTO #4612 SAN DIEGO,Transport,bulk_transport_debit_train_305,train
CTA 9196 MISSION BLVD PHILADELPHIA 19101 PA USA,Transport,bulk_transport_debit_train_306,train
MARATHON #5492 PHOENIX,Transport,bulk_transport_debit_train_307,train
EXXON*JX5M1FK4X6,Transport,bulk_transport_debit_train_308,train
CITY PARKING - ATLANTA,Transport,bulk_transport_debit_train_309,train
CHARGEPOINT 7536 BROADWAY PKWY RALEIGH 27601-3287NC USA,Transport,bulk_transport_debit_train_310,train
SHEETZ - FREMONT,Transport,bulk_transport_debit_train_311,train
UBER *TRIP QUEENS GUH93J,Transport,bulk_transport_debit_train_312,train
VALERO*ZJ7GNGG724CT,Transport,bulk_transport_debit_train_313,train
WITHDRAWAL FROM ADVANCE AUTO,Transport,bulk_transport_debit_train_314,train
Withdrawal from ZIPS CAR WASH,Transport,bulk_transport_debit_train_315,train
PAYPAL INST XFER SMOG STATION WEB ID: PAYPALSI65,Transport,bulk_transport_debit_train_316,train
PAYPAL *JIFFY LUBE,Transport,bulk_transport_debit_train_317,train
VOLTA CHARGING PITTSBURGH,Transport,bulk_transport_debit_train_318,train
LYFT *TRIP INDIANAPOLIS 0T8ZRB,Transport,bulk_transport_debit_train_319,train
vehicle registration,Transport,bulk_transport_credit_validation_0,validation
spothero 4706 park st atlanta 30301-9000ga usa,Transport,bulk_transport_debit_validation_1,validation
FASTRAK REPLENISH,Transport,bulk_transport_debit_validation_2,validation
TXTAG TOLL PMT WEB ID: WJ182AJ4,Transport,bulk_transport_debit_validation_3,validation
EXXON - SAN FRANCISCO,Transport,bulk_transport_debit_validation_4,validation
WITHDRAWAL FROM ACE PARKING,Transport,bulk_transport_debit_validation_5,validation
LYFT *TRIP PORTLAND LUJ27N,Transport,bulk_transport_debit_validation_6,validation
Withdrawal from MISTER CAR WASH,Transport,bulk_transport_debit_validation_7,validation
UBER *TRIP CHICAGO 6FL3UD,Transport,bulk_transport_debit_validation_8,validation
UBER *TRIP PHOENIX EDIL8K,Transport,bulk_transport_debit_validation_9,validation
WAWA #577 SAN JOSE,Transport,bulk_transport_debit_validation_10,validation
AUTOZONE; BILLING,Transport,bulk_transport_debit_validation_11,validation
PAYPAL INST XFER LAZ PARKING WEB ID: PAYPALSI92,Transport,bulk_transport_debit_validation_12,validation
parkwhiz; payment,Transport,bulk_transport_debit_validation_13,validation
BART 8656 CENTER RD SALT LAKE CITY 84101 UT USA,Transport,bulk_transport_debit_validation_14,validation
Bp #42111 Fremont,Transport,bulk_transport_debit_validation_15,validation
firestone 30195,Transport,bulk_transport_debit_validation_16,validation
SHELL #6234 SAN JOSE,Transport,bulk_transport_debit_validation_17,validation
PAYPAL *PYPL MTA,Transport,bulk_transport_debit_validation_18,validation
PREAUTHORIZED WITHDRAWAL TO TAKE 5 CAR WASH,Transport,bulk_transport_debit_validation_19,validation
NAPA AUTO #8238 DALLAS,Transport,bulk_transport_debit_validation_20,validation
LYFT *TRIP RALEIGH 0NEUQG,Transport,bulk_transport_debit_validation_21,validation
Peach Pass Replenish,Transport,bulk_transport_debit_validation_22,validation
Uber *trip Atlanta Zp30w0,Transport,bulk_transport_debit_validation_23,validation
Caltrain 8161 Elm Ct Houston 77001-6887tx Usa,Transport,bulk_transport_debit_validation_24,validation
Citgo*srf9tpe1yr,Transport,bulk_transport_debit_validation_25,validation
BLINK CHARGING 710 MAIN DR PHILADELPHIA 19101-6471PA USA,Transport,bulk_transport_debit_validation_26,validation
costco gas - raleigh,Transport,bulk_transport_debit_validation_27,validation
PEACH PASS TOLL PMT WEB ID: R0XGTPCO,Transport,bulk_transport_debit_validation_28,validation
Wawa #853 Atlanta,Transport,bulk_transport_debit_validation_29,validation
SHELL #82836 SAN FRANCISCO,Transport,bulk_transport_debit_validation_30,validation
SUNPASS TOLL PMT WEB ID: QBH6J3XM,Transport,bulk_transport_debit_validation_31,validation
SUNOCO - HAYWARD,Transport,bulk_transport_debit_validation_32,validation
Bart 2520 Broadway St Minneapolis 55401 Mn Usa,Transport,bulk_transport_debit_validation_33,validation
lyft *trip union city 38gd7p,Transport,bulk_transport_debit_validation_34,validation
CITGO #2166 PHOENIX,Transport,bulk_transport_debit_validation_35,validation
uber *trip boston ygj14d,Transport,bulk_transport_debit_validation_36,validation
casey's #093 orlando,Transport,bulk_transport_debit_validation_37,validation
UBER *TRIP HOUSTON 148TAU,Transport,bulk_transport_debit_validation_38,validation
CA DMV 203 ELM LN UNION CITY 94587 CA USA,Transport,bulk_transport_debit_validation_39,validation
CHEVRON #4116 PITTSBURGH,Transport,bulk_transport_debit_test_0,test
LYFT *TRIP HOUSTON HRZDKU,Transport,bulk_transport_debit_test_1,test
UBER *TRIP FREMONT 8VRKQ3,Transport,bulk_transport_debit_test_2,test
TOMMY'S EXPRESS,Transport,bulk_transport_debit_test_3,test
LYFT *TRIP CHARLOTTE TNXJPB,Transport,bulk_transport_debit_test_4,test
LYFT *TRIP SACRAMENTO MRWKFZ,Transport,bulk_transport_debit_test_5,test
SPOTHERO 8594 MARKET WAY MIAMI 33101-0926FL USA,Transport,bulk_transport_debit_test_6,test
CITGO - COLUMBUS,Transport,bulk_transport_debit_test_7,test
UBER *TRIP LOS ANGELES RGX5NE,Transport,bulk_transport_debit_test_8,test
Withdrawal from FIRESTONE,Transport,bulk_transport_credit_test_9,test
Ace Parking 5671 Oak Ct Nashville 37201 Tn Usa,Transport,bulk_transport_debit_test_10,test
FIRESTONE.COM,Transport,bulk_transport_debit_test_11,test
MOBIL - TAMPA,Transport,bulk_transport_debit_test_12,test
MTA INC.,Transport,bulk_transport_debit_test_13,test
PAYPAL *PYPL QUICK QUACK,Transport,bulk_transport_debit_test_14,test
CA DMV 1500 ELM ST CHARLOTTE 28201-4571NC USA,Transport,bulk_transport_debit_test_15,test
SMOG STATION,Transport,bulk_transport_debit_test_16,test
PAYMENT TO: PARKME,Transport,bulk_transport_debit_test_17,test
PAYPAL *O'reilly Auto,Transport,bulk_transport_debit_test_18,test
UBER *TRIP UNION CITY A0SHF6,Transport,bulk_transport_debit_test_19,test
UBER *TRIP PHILADELPHIA 3I8U81,Transport,bulk_transport_debit_test_20,test
SMOG CHECK 7156 MAIN BLVD MIAMI 33101 FL USA,Transport,bulk_transport_debit_test_21,test
UBER *TRIP OAKLAND R1C3H3,Transport,bulk_transport_debit_test_22,test
SPEEDWAY - BOSTON,Transport,bulk_transport_debit_test_23,test
WMATA 8828 UNIVERSITY DR UNION CITY94587 CA USA,Transport,bulk_transport_debit_test_24,test
SHEETZ*5NZQCTP7BA,Transport,bulk_transport_debit_test_25,test
marathon*iymff2cx6,Transport,bulk_transport_debit_test_26,test
LYFT *TRIP HAYWARD N175Y8,Transport,bulk_transport_debit_test_27,test
LYFT *TRIP PORTLAND T2U0LE,Transport,bulk_transport_credit_test_28,test
I-PASS TOLL PMT WEB ID: X3O8UZIX,Transport,bulk_transport_debit_test_29,test
PAYPAL *MIDAS GGJ555ERE4,Transport,bulk_transport_debit_test_30,test
Uber *trip Charlotte 74puqu,Transport,bulk_transport_debit_test_31,test
CITGO*CEFV8WAQBSI,Transport,bulk_transport_debit_test_32,test
WAWA*APP6356O7N9U,Transport,bulk_transport_debit_test_33,test
Parksmart.com,Transport,bulk_transport_debit_test_34,test
spothero 5540 oak pkwy tampa 33601-5113fl usa,Transport,bulk_transport_debit_test_35,test
Marathon - New York,Transport,bulk_transport_debit_test_36,test
Volta Charging San Diego,Transport,bulk_transport_debit_test_37,test
SPEEDWAY*092A36GOW,Transport,bulk_transport_debit_test_38,test
DISCOUNT TIRE 9011 BROADWAY WAY SEATTLE 98101-1022WA USA,Transport,bulk_transport_debit_test_39,test
AMAZON KINDLE 7547 MARKET CT TAMPA 33601-3557FL USA,Tuition,bulk_tuition_debit_train_0,train
MCGRAW HILL CO,Tuition,bulk_tuition_debit_train_1,train
COMMUNITY COLLEGE OF DALLAS TUITION,Tuition,bulk_tuition_debit_train_2,train
COMMUNITY COLLEGE OF PHOENIX TUITION,Tuition,bulk_tuition_debit_train_3,train
COLLEGE OF PHILADELPHIA TUITION,Tuition,bulk_tuition_debit_train_4,train
COLLEGE OF MINNEAPOLIS TUITION,Tuition,bulk_tuition_debit_train_5,train
PAYPAL INST XFER BRILLIANT.ORG WEB ID: PAYPALSI69,Tuition,bulk_tuition_debit_train_6,train
SCHOOL DISTRICT OF HAYWARD TUITION,Tuition,bulk_tuition_debit_train_7,train
KHAN ACADEMY 4111 ELM ST NEWARK 07101 NJ USA,Tuition,bulk_tuition_debit_train_8,train
Pluralsight*mub0x8r8eksx,Tuition,bulk_tuition_debit_train_9,train
PAYPAL *PYPL UDEMY,Tuition,bulk_tuition_debit_train_10,train
KHAN ACADEMY*AUWMBMLR,Tuition,bulk_tuition_debit_train_11,train
BRILLIANT.ORG*A2EI03CO8Q,Tuition,bulk_tuition_debit_train_12,train
Amazon Kindle 5993 Broadway Ln Dallas75201 Tx Usa,Tuition,bulk_tuition_debit_train_13,train
CHEGG; SUBSCRIPTION,Tuition,bulk_tuition_debit_train_14,train
O'REILLY MEDIA; CHARGE,Tuition,bulk_tuition_debit_train_15,train
college of atlanta tuition,Tuition,bulk_tuition_debit_train_16,train
KHAN ACADEMY 636 OAK BLVD SAN FRANCISCO 94102-4897CA USA,Tuition,bulk_tuition_debit_train_17,train
HUNTINGTON LEARNING*LC7LTVJ08VE,Tuition,bulk_tuition_debit_train_18,train
CHEGG 9682 ELM CT ORLANDO32801 FL USA,Tuition,bulk_tuition_debit_train_19,train
PLURALSIGHT*EU28QS7HUK5,Tuition,bulk_tuition_debit_train_20,train
Mathnasium 9719 Oak Dr Atlanta 30301-0349ga Usa,Tuition,bulk_tuition_debit_train_21,train
MASTERCLASS*EM8FC1X8EM,Tuition,bulk_tuition_debit_train_22,train
PAYPAL INST XFER SKILLSHARE WEB ID: PAYPALSI09,Tuition,bulk_tuition_debit_train_23,train
SCHOOL DISTRICT OF OAKLAND TUITION,Tuition,bulk_tuition_debit_train_24,train
barnes & noble 4623 industrial pkwy queens 11101 ny usa,Tuition,bulk_tuition_debit_train_25,train
Withdrawal from MCGRAW HILL,Tuition,bulk_tuition_debit_train_26,train
KUMON 4871 MAIN CT OAKLAND 94601-4231CA USA,Tuition,bulk_tuition_debit_train_27,train
Khan Academy*26b9cz34vbp7,Tuition,bulk_tuition_debit_train_28,train
BRILLIANT.ORG*V95A4DQ4YLDJ,Tuition,bulk_tuition_debit_train_29,train
PAYPAL INST XFER SKILLSHARE WEB ID: PAYPALSI98,Tuition,bulk_tuition_credit_train_30,train
O'REILLY MEDIA #409 INDIANAPOLIS,Tuition,bulk_tuition_debit_train_31,train
SUBSCRIPTION PAYMENT: BARNES & NOBLE,Tuition,bulk_tuition_debit_train_32,train
MASTERCLASS*7TPXD8H6425,Tuition,bulk_tuition_credit_train_33,train
SKILLSHARE 3851 INDUSTRIAL CT SAN FRANCISCO 94102-1483CA USA,Tuition,bulk_tuition_debit_train_34,train
O'REILLY MEDIA 8823 UNIVERSITY WAY DENVER80201 CO USA,Tuition,bulk_tuition_debit_train_35,train
BRILLIANT.ORG - PHILADELPHIA,Tuition,bulk_tuition_debit_train_36,train
PLURALSIGHT CORP,Tuition,bulk_tuition_debit_train_37,train
PAYPAL INST XFER KHAN ACADEMY WEB ID: PAYPALSI50,Tuition,bulk_tuition_credit_train_38,train
O'reilly Media 4940 Park Pkwy Dallas75201 Tx Usa,Tuition,bulk_tuition_debit_train_39,train
PAYPAL INST XFER BRILLIANT.ORG WEB ID: PAYPALSI48,Tuition,bulk_tuition_debit_train_40,train
AMAZON KINDLE 4749 OAK RD HAYWARD 94541 CA USA,Tuition,bulk_tuition_debit_train_41,train
COURSERA*GYQ2W8X6W0H,Tuition,bulk_tuition_debit_train_42,train
SYLVAN LEARNING*Y3YP890NPGJ5,Tuition,bulk_tuition_debit_train_43,train
KHAN ACADEMY 4484 MAIN AVE LOS ANGELES 90001 CA USA,Tuition,bulk_tuition_debit_train_44,train
COURSERA 3448 UNIVERSITY PKWY NEWARK 07101 NJ USA,Tuition,bulk_tuition_debit_train_45,train
KHAN ACADEMY*F0VUGWDZONA,Tuition,bulk_tuition_debit_train_46,train
SKILLSHARE*WROOS1KL1OU,Tuition,bulk_tuition_debit_train_47,train
HUNTINGTON LEARNING*BE5EIR7TI,Tuition,bulk_tuition_debit_train_48,train
Codecademy*w1oc829lfl,Tuition,bulk_tuition_debit_train_49,train
SCHOOL DISTRICT OF LOS ANGELES TUITION,Tuition,bulk_tuition_debit_train_50,train
Skillshare 9699 Main Ave Houston77001 Tx Usa,Tuition,bulk_tuition_debit_train_51,train
skillshare; billing,Tuition,bulk_tuition_debit_train_52,train
PEARSON*EBOXWIRJMOC,Tuition,bulk_tuition_debit_train_53,train
PAYPAL *BRILLIANT.ORG Q6T9PQASUB,Tuition,bulk_tuition_debit_train_54,train
PAYPAL *PYPL KHAN ACADEMY,Tuition,bulk_tuition_debit_train_55,train
MATHNASIUM 5359 ELM ST QUEENS11101 NY USA,Tuition,bulk_tuition_debit_train_56,train
barnes & noble - los angeles,Tuition,bulk_tuition_debit_train_57,train
Varsity Tutors Learning Center,Tuition,bulk_tuition_debit_train_58,train
PACKT PUBLISHING 3746 BROADWAY AVE DENVER80201 CO USA,Tuition,bulk_tuition_debit_train_59,train
EXPRESS CHECKOUT PAYMENT: CHEGG,Tuition,bulk_tuition_debit_train_60,train
SYLVAN LEARNING 8050 MISSION PKWY HOUSTON77001 TX USA,Tuition,bulk_tuition_debit_train_61,train
UDEMY 5926 UNIVERSITY PKWY OAKLAND94601 CA USA,Tuition,bulk_tuition_debit_train_62,train
BRILLIANT.ORG 4864 PARK CT CHICAGO60601 IL USA,Tuition,bulk_tuition_debit_train_63,train
O'REILLY MEDIA 7195 INDUSTRIAL PKWY CHICAGO60601 IL USA,Tuition,bulk_tuition_credit_train_64,train
DATACAMP*IY96Q5G4SHNZ,Tuition,bulk_tuition_debit_train_65,train
O'REILLY MEDIA 1863 BROADWAY CT PITTSBURGH 15201 PA USA,Tuition,bulk_tuition_debit_train_66,train
PEARSON; CHARGE,Tuition,bulk_tuition_debit_train_67,train
Codecademy 9616 Main Way Philadelphia19101 Pa Usa,Tuition,bulk_tuition_debit_train_68,train
PAYMENT TO: UDEMY,Tuition,bulk_tuition_debit_train_69,train
PAYPAL INST XFER KUMON WEB ID: PAYPALSI53,Tuition,bulk_tuition_debit_train_70,train
COURSERA; BILLING,Tuition,bulk_tuition_debit_train_71,train
Mcgraw Hill Corp,Tuition,bulk_tuition_debit_train_72,train
SKILLSHARE 6371 MISSION CT LOS ANGELES 90001 CA USA,Tuition,bulk_tuition_debit_train_73,train
BRILLIANT.ORG 7671 ELM AVE MIAMI 33101-4128FL USA,Tuition,bulk_tuition_debit_train_74,train
Udemy*zbzanvwot1m,Tuition,bulk_tuition_debit_train_75,train
KHAN ACADEMY LLC,Tuition,bulk_tuition_debit_train_76,train
PAYPAL INST XFER PLURALSIGHT WEB ID: PAYPALSI75,Tuition,bulk_tuition_debit_train_77,train
PAYMENT TO: SKILLSHARE,Tuition,bulk_tuition_debit_train_78,train
brilliant.org 6410 mission st brooklyn 11201-8140ny usa,Tuition,bulk_tuition_debit_train_79,train
Buyer Payment: SKILLSHARE,Tuition,bulk_tuition_debit_train_80,train
CHEGG.com,Tuition,bulk_tuition_debit_train_81,train
PAYPAL INST XFER BRILLIANT.ORG WEB ID: PAYPALSI61,Tuition,bulk_tuition_debit_train_82,train
KHAN ACADEMY 7855 ELM RD QUEENS11101 NY USA,Tuition,bulk_tuition_debit_train_83,train
UDEMY 1215 MARKET CT SAN JOSE 95101-1697CA USA,Tuition,bulk_tuition_debit_train_84,train
WITHDRAWAL FROM UDEMY,Tuition,bulk_tuition_debit_train_85,train
preauthorized withdrawal to packt publishing,Tuition,bulk_tuition_debit_train_86,train
COMMUNITY COLLEGE OF QUEENS TUITION,Tuition,bulk_tuition_debit_train_87,train
PAYPAL *SKILLSHARE HWVSBEII4A,Tuition,bulk_tuition_debit_train_88,train
Paypal *pluralsight Zszq4ba3ck,Tuition,bulk_tuition_debit_train_89,train
PreApproved Payment Bill User Payment: DATACAMP,Tuition,bulk_tuition_debit_train_90,train
paypal *kumon 2raoy20xnk,Tuition,bulk_tuition_debit_train_91,train
MCGRAW HILL 2516 BROADWAY DR AUSTIN78701 TX USA,Tuition,bulk_tuition_debit_train_92,train
AMAZON KINDLE 5133 MARKET CT TAMPA 33601-2061FL USA,Tuition,bulk_tuition_debit_train_93,train
Payment to: WYZANT,Tuition,bulk_tuition_debit_train_94,train
O'REILLY MEDIA*YED8PZZME,Tuition,bulk_tuition_debit_train_95,train
PAYPAL INST XFER PLURALSIGHT WEB ID: PAYPALSI96,Tuition,bulk_tuition_debit_train_96,train
COLLEGE OF NEWARK TUITION,Tuition,bulk_tuition_debit_train_97,train
MASTERCLASS*DYUS2YIEWH,Tuition,bulk_tuition_debit_train_98,train
PLURALSIGHT 723 MARKET BLVD QUEENS 11101 NY USA,Tuition,bulk_tuition_debit_train_99,train
WITHDRAWAL FROM AMAZON KINDLE,Tuition,bulk_tuition_debit_train_100,train
college of indianapolis tuition,Tuition,bulk_tuition_debit_train_101,train
VARSITY TUTORS*40UK9D4EDKLP,Tuition,bulk_tuition_debit_train_102,train
PreApproved Payment Bill User Payment: PEARSON,Tuition,bulk_tuition_debit_train_103,train
brilliant.org 5175 industrial ln houston 77001-2349tx usa,Tuition,bulk_tuition_debit_train_104,train
paypal *skillshare vjj2lnmaod,Tuition,bulk_tuition_debit_train_105,train
BRILLIANT.ORG 4781 MAIN LN SALT LAKE CITY84101 UT USA,Tuition,bulk_tuition_debit_train_106,train
skillshare corp,Tuition,bulk_tuition_debit_train_107,train
PAYPAL *PLURALSIGHT,Tuition,bulk_tuition_debit_train_108,train
PAYPAL *BRILLIANT.ORG 1QVBRZ1640,Tuition,bulk_tuition_debit_train_109,train
PAYPAL INST XFER UDEMY WEB ID: PAYPALSI79,Tuition,bulk_tuition_debit_train_110,train
BRILLIANT.ORG*AXN7VNV22,Tuition,bulk_tuition_credit_train_111,train
CODECADEMY 631 MISSION WAY OAKLAND 94601 CA USA,Tuition,bulk_tuition_debit_train_112,train
BRILLIANT.ORG 6415 UNIVERSITY LN PHILADELPHIA 19101 PA USA,Tuition,bulk_tuition_debit_train_113,train
PACKT PUBLISHING 7372 MARKET CT AUSTIN78701 TX USA,Tuition,bulk_tuition_debit_train_114,train
barnes & noble - charlotte,Tuition,bulk_tuition_debit_train_115,train
DATACAMP*I8R3HD1CWEGD,Tuition,bulk_tuition_debit_train_116,train
CODECADEMY*4FNNACOVWLAH,Tuition,bulk_tuition_debit_train_117,train
O'REILLY MEDIA CO,Tuition,bulk_tuition_debit_train_118,train
PLURALSIGHT 8511 ELM ST QUEENS 11101-5481NY USA,Tuition,bulk_tuition_debit_train_119,train
codecademy 4769 park st indianapolis 46201 in usa,Tuition,bulk_tuition_debit_train_120,train
CHEGG CO,Tuition,bulk_tuition_debit_train_121,train
BRILLIANT.ORG,Tuition,bulk_tuition_debit_train_122,train
COURSERA - PHOENIX,Tuition,bulk_tuition_debit_train_123,train
PAYPAL INST XFER BRILLIANT.ORG WEB ID: PAYPALSI09,Tuition,bulk_tuition_debit_train_124,train
SKILLSHARE; CHARGE,Tuition,bulk_tuition_debit_train_125,train
COLLEGE OF FREMONT TUITION,Tuition,bulk_tuition_debit_train_126,train
PP*DATACAMP,Tuition,bulk_tuition_debit_train_127,train
O'REILLY MEDIA #7949 ATLANTA,Tuition,bulk_tuition_debit_train_128,train
PAYPAL *VARSITY TUTORS,Tuition,bulk_tuition_credit_train_129,train
Pluralsight 3033 Industrial Way Oakland94601 Ca Usa,Tuition,bulk_tuition_debit_train_130,train
PAYPAL INST XFER UDEMY WEB ID: PAYPALSI02,Tuition,bulk_tuition_debit_train_131,train
MCGRAW HILL 1812 CENTER DR NASHVILLE 37201 TN USA,Tuition,bulk_tuition_debit_train_132,train
Datacamp,Tuition,bulk_tuition_debit_train_133,train
SCHOOL DISTRICT OF CHICAGO TUITION,Tuition,bulk_tuition_debit_train_134,train
DATACAMP 7856 MAIN ST MINNEAPOLIS 55401 MN USA,Tuition,bulk_tuition_debit_train_135,train
CODECADEMY - NEW YORK,Tuition,bulk_tuition_debit_train_136,train
PP*WYZANT,Tuition,bulk_tuition_debit_train_137,train
SCHOOL DISTRICT OF PORTLAND TUITION,Tuition,bulk_tuition_debit_train_138,train
UDEMY*KFY6WMDI,Tuition,bulk_tuition_debit_train_139,train
BRILLIANT.ORG - SEATTLE,Tuition,bulk_tuition_debit_train_140,train
PAYPAL INST XFER BRILLIANT.ORG WEB ID: PAYPALSI92,Tuition,bulk_tuition_debit_train_141,train
DATACAMP 6237 MAIN PKWY MINNEAPOLIS 55401 MN USA,Tuition,bulk_tuition_debit_train_142,train
CHEGG 1075 MAIN BLVD HAYWARD 94541 CA USA,Tuition,bulk_tuition_debit_train_143,train
pearson corp,Tuition,bulk_tuition_debit_train_144,train
Brilliant.org*v1fozve1ayv,Tuition,bulk_tuition_debit_train_145,train
Datacamp 1147 University Way Newark07101 Nj Usa,Tuition,bulk_tuition_debit_train_146,train
UDEMY*7755Z05J,Tuition,bulk_tuition_debit_train_147,train
SKILLSHARE 4508 UNIVERSITY ST DENVER 80201-7331CO USA,Tuition,bulk_tuition_debit_train_148,train
PACKT PUBLISHING #60976 LOS ANGELES,Tuition,bulk_tuition_debit_train_149,train
Masterclass; Service,Tuition,bulk_tuition_debit_train_150,train
AMAZON KINDLE 1444 INDUSTRIAL BLVD OAKLAND 94601-3484CA USA,Tuition,bulk_tuition_debit_train_151,train
University Of Seattle Tuition,Tuition,bulk_tuition_debit_train_152,train
KUMON 1045 UNIVERSITY WAY INDIANAPOLIS46201 IN USA,Tuition,bulk_tuition_debit_train_153,train
Amazon Kindle 4660 Park Rd Union City94587 Ca Usa,Tuition,bulk_tuition_debit_train_154,train
PLURALSIGHT*Z4IKCS9US,Tuition,bulk_tuition_debit_train_155,train
Payment To: Masterclass,Tuition,bulk_tuition_debit_train_156,train
UNIVERSITY OF MINNEAPOLIS TUITION,Tuition,bulk_tuition_debit_train_157,train
BARNES & NOBLE CO,Tuition,bulk_tuition_debit_train_158,train
PREAPPROVED PAYMENT BILL USER PAYMENT: KHAN ACADEMY,Tuition,bulk_tuition_debit_train_159,train
COURSERA; SERVICE,Tuition,bulk_tuition_debit_train_160,train
COURSERA - ORLANDO,Tuition,bulk_tuition_debit_train_161,train
PAYPAL *PLURALSIGHT Z18I8WQOLQ,Tuition,bulk_tuition_debit_train_162,train
CODECADEMY*UM98V2H1F7U,Tuition,bulk_tuition_debit_train_163,train
PEARSON - UNION CITY,Tuition,bulk_tuition_credit_train_164,train
UDEMY - HAYWARD,Tuition,bulk_tuition_debit_train_165,train
PAYPAL *MCGRAW HILL SSICZUBS8I,Tuition,bulk_tuition_debit_train_166,train
PAYPAL *BRILLIANT.ORG 41HS3PW9MY,Tuition,bulk_tuition_debit_train_167,train
BRILLIANT.ORG*E61KFL83XUI,Tuition,bulk_tuition_debit_train_168,train
MCGRAW HILL #621 MIAMI,Tuition,bulk_tuition_debit_train_169,train
PAYPAL *MASTERCLASS RRZU3NT53A,Tuition,bulk_tuition_credit_train_170,train
SKILLSHARE 4968 UNIVERSITY PKWY MINNEAPOLIS55401 MN USA,Tuition,bulk_tuition_debit_train_171,train
PYPL *CHEGG,Tuition,bulk_tuition_debit_train_172,train
CODECADEMY 1444 INDUSTRIAL WAY LAS VEGAS 89101 NV USA,Tuition,bulk_tuition_debit_train_173,train
Khan Academy 1948 Industrial Rd Newark07101 Nj Usa,Tuition,bulk_tuition_debit_train_174,train
PAYPAL *BRILLIANT.ORG KVO28B40VD,Tuition,bulk_tuition_debit_train_175,train
PAYPAL *brilliant.org,Tuition,bulk_tuition_debit_train_176,train
Masterclass Corp,Tuition,bulk_tuition_debit_train_177,train
SKILLSHARE 9767 MAIN LN HOUSTON77001 TX USA,Tuition,bulk_tuition_debit_train_178,train
KUMON.COM,Tuition,bulk_tuition_debit_train_179,train
School District Of Sacramento Tuition,Tuition,bulk_tuition_debit_train_180,train
amazon kindle - oakland,Tuition,bulk_tuition_debit_train_181,train
PYPL*PACKT PUBLISHING,Tuition,bulk_tuition_debit_train_182,train
UDEMY - SEATTLE,Tuition,bulk_tuition_debit_train_183,train
PAYPAL INST XFER PLURALSIGHT WEB ID: PAYPALSI50,Tuition,bulk_tuition_debit_train_184,train
PREAPPROVED PAYMENT BILL USER PAYMENT: BRILLIANT.ORG,Tuition,bulk_tuition_debit_train_185,train
BRILLIANT.ORG*M8WAW78PIPW5,Tuition,bulk_tuition_debit_train_186,train
PAYPAL *PLURALSIGHT NTZ1BLFM9T,Tuition,bulk_tuition_debit_train_187,train
PAYPAL *PYPL COURSERA,Tuition,bulk_tuition_debit_train_188,train
COLLEGE OF NASHVILLE TUITION,Tuition,bulk_tuition_debit_train_189,train
Coursera*b2guz0db4dwh,Tuition,bulk_tuition_debit_train_190,train
Varsity Tutors,Tuition,bulk_tuition_debit_train_191,train
Pluralsight 3826 Elm Ct Hayward 94541-8521ca Usa,Tuition,bulk_tuition_debit_train_192,train
PAYPAL *MASTERCLASS,Tuition,bulk_tuition_debit_train_193,train
BARNES & NOBLE 3843 UNIVERSITY AVE MINNEAPOLIS 55401 MN USA,Tuition,bulk_tuition_debit_train_194,train
COURSERA*1UZRNS4TCI,Tuition,bulk_tuition_debit_train_195,train
PEARSON 9866 OAK BLVD INDIANAPOLIS 46201-5572IN USA,Tuition,bulk_tuition_debit_train_196,train
MCGRAW HILL 3412 MARKET RD PHILADELPHIA19101 PA USA,Tuition,bulk_tuition_debit_train_197,train
MCGRAW HILL #67499 FREMONT,Tuition,bulk_tuition_debit_train_198,train
COMMUNITY COLLEGE OF FREMONT TUITION,Tuition,bulk_tuition_debit_train_199,train
Brilliant.org Co,Tuition,bulk_tuition_debit_train_200,train
BRILLIANT.ORG; Payment,Tuition,bulk_tuition_debit_train_201,train
CODECADEMY 721 UNIVERSITY LN ATLANTA 30301 GA USA,Tuition,bulk_tuition_credit_train_202,train
MCGRAW HILL 9252 OAK LN PORTLAND 97201-7753OR USA,Tuition,bulk_tuition_debit_train_203,train
KHAN ACADEMY 8562 INDUSTRIAL RD SAN JOSE95101 CA USA,Tuition,bulk_tuition_debit_train_204,train
CODECADEMY 6747 INDUSTRIAL CT SAN FRANCISCO 94102-6269CA USA,Tuition,bulk_tuition_debit_train_205,train
School District Of Pittsburgh Tuition,Tuition,bulk_tuition_debit_train_206,train
PAYPAL *PYPL BRILLIANT.ORG,Tuition,bulk_tuition_debit_train_207,train
Withdrawal from SKILLSHARE,Tuition,bulk_tuition_debit_train_208,train
Brilliant.org*bafyxpuv7y,Tuition,bulk_tuition_debit_train_209,train
PAYPAL INST XFER BRILLIANT.ORG WEB ID: PAYPALSI46,Tuition,bulk_tuition_debit_train_210,train
CODECADEMY*JPBHQ559T,Tuition,bulk_tuition_debit_train_211,train
PreApproved Payment Bill User Payment: HUNTINGTON LEARNING,Tuition,bulk_tuition_debit_train_212,train
COURSERA*YI2TPET6X,Tuition,bulk_tuition_debit_train_213,train
datacamp 9891 broadway ave boston02101 ma usa,Tuition,bulk_tuition_debit_train_214,train
CODECADEMY*0E7RHEYQDJI,Tuition,bulk_tuition_debit_train_215,train
Mcgraw Hill*6np0ghau2x8f,Tuition,bulk_tuition_credit_train_216,train
COURSERA*G59Y5966C0,Tuition,bulk_tuition_debit_train_217,train
PLURALSIGHT*F7B59A70TTHB,Tuition,bulk_tuition_debit_train_218,train
BARNES & NOBLE,Tuition,bulk_tuition_debit_train_219,train
Pluralsight.com,Tuition,bulk_tuition_debit_train_220,train
PAYPAL INST XFER CODECADEMY WEB ID: PAYPALSI53,Tuition,bulk_tuition_debit_train_221,train
BRILLIANT.ORG LLC,Tuition,bulk_tuition_debit_train_222,train
COMMUNITY COLLEGE OF HAYWARD TUITION,Tuition,bulk_tuition_debit_train_223,train
PAYPAL *Udemy,Tuition,bulk_tuition_debit_train_224,train
DATACAMP INC.,Tuition,bulk_tuition_debit_train_225,train
CHEGG 4172 INDUSTRIAL LN COLUMBUS 43201 OH USA,Tuition,bulk_tuition_debit_train_226,train
PreApproved Payment Bill User Payment: masterclass,Tuition,bulk_tuition_debit_train_227,train
Datacamp*7wmnnpqy3,Tuition,bulk_tuition_debit_train_228,train
HUNTINGTON LEARNING*Y3KG73J1VKP,Tuition,bulk_tuition_debit_train_229,train
PLURALSIGHT; Billing,Tuition,bulk_tuition_debit_train_230,train
SKILLSHARE*2EE1FAC74M,Tuition,bulk_tuition_debit_train_231,train
Express Checkout Payment: AMAZON KINDLE,Tuition,bulk_tuition_debit_train_232,train
PAYPAL INST XFER CODECADEMY WEB ID: PAYPALSI77,Tuition,bulk_tuition_debit_train_233,train
PAYPAL *PLURALSIGHT OZD3HXP3AA,Tuition,bulk_tuition_debit_train_234,train
BARNES & NOBLE 5811 INDUSTRIAL AVE OAKLAND 94601-9905CA USA,Tuition,bulk_tuition_debit_train_235,train
pearson 8094 park pkwy orlando32801 fl usa,Tuition,bulk_tuition_debit_train_236,train
KUMON INC.,Tuition,bulk_tuition_debit_train_237,train
BRILLIANT.ORG INC,Tuition,bulk_tuition_debit_train_238,train
SKILLSHARE 8136 MARKET RD MIAMI 33101-4260FL USA,Tuition,bulk_tuition_debit_train_239,train
MCGRAW HILL 2269 MISSION RD ORLANDO 32801-8184FL USA,Tuition,bulk_tuition_debit_train_240,train
WYZANT LEARNING CENTER,Tuition,bulk_tuition_credit_train_241,train
PAYPAL *SKILLSHARE,Tuition,bulk_tuition_debit_train_242,train
BUYER PAYMENT: PACKT PUBLISHING,Tuition,bulk_tuition_debit_train_243,train
SKILLSHARE*B6TYIGV78OC,Tuition,bulk_tuition_debit_train_244,train
Datacamp*gzri5wgh,Tuition,bulk_tuition_debit_train_245,train
PAYPAL INST XFER SKILLSHARE WEB ID: PAYPALSI30,Tuition,bulk_tuition_debit_train_246,train
PAYPAL *DATACAMP JYF7455M6J,Tuition,bulk_tuition_debit_train_247,train
WYZANT*U19JLZ1SCRIH,Tuition,bulk_tuition_debit_train_248,train
paypal *pluralsight yfy8izsdgc,Tuition,bulk_tuition_debit_train_249,train
PEARSON.COM,Tuition,bulk_tuition_debit_train_250,train
PAYPAL INST XFER MASTERCLASS WEB ID: PAYPALSI74,Tuition,bulk_tuition_debit_train_251,train
Codecademy*oc5fy8aqcek,Tuition,bulk_tuition_debit_train_252,train
School District Of Fremont Tuition,Tuition,bulk_tuition_debit_train_253,train
Packt Publishing 445 Mission Ln Indianapolis 46201 In Usa,Tuition,bulk_tuition_debit_train_254,train
CODECADEMY*MA2RZ6840,Tuition,bulk_tuition_debit_train_255,train
PAYPAL *MCGRAW HILL,Tuition,bulk_tuition_debit_train_256,train
MASTERCLASS - NEW YORK,Tuition,bulk_tuition_debit_train_257,train
amazon kindle 1503 center blvd san francisco 94102-8925ca usa,Tuition,bulk_tuition_debit_train_258,train
DATACAMP; CHARGE,Tuition,bulk_tuition_debit_train_259,train
WYZANT TUTORING,Tuition,bulk_tuition_debit_train_260,train
PYPL *Pearson,Tuition,bulk_tuition_debit_train_261,train
COMMUNITY COLLEGE OF ATLANTA TUITION,Tuition,bulk_tuition_debit_train_262,train
PAYPAL INST XFER BRILLIANT.ORG WEB ID: PAYPALSI37,Tuition,bulk_tuition_debit_train_263,train
MCGRAW HILL 8684 MAIN RD PHOENIX 85001 AZ USA,Tuition,bulk_tuition_debit_train_264,train
amazon kindle.com,Tuition,bulk_tuition_debit_train_265,train
brilliant.org 4045 center ave salt lake city 84101 ut usa,Tuition,bulk_tuition_debit_train_266,train
CHEGG*39RG3N86,Tuition,bulk_tuition_debit_train_267,train
BRILLIANT.ORG 6111 MARKET AVE BOSTON 02101 MA USA,Tuition,bulk_tuition_debit_train_268,train
MASTERCLASS*EAP24ABD,Tuition,bulk_tuition_debit_train_269,train
CODECADEMY*78GRNEUAI,Tuition,bulk_tuition_credit_train_270,train
BRILLIANT.ORG*I4PR5T6IICO,Tuition,bulk_tuition_debit_train_271,train
pluralsight*0jerl7mlk,Tuition,bulk_tuition_debit_train_272,train
COURSERA*4OG6RZIZH,Tuition,bulk_tuition_debit_train_273,train
masterclass*p0zitxcq,Tuition,bulk_tuition_debit_train_274,train
BARNES & NOBLE 5153 BROADWAY ST SALT LAKE CITY 84101-0591UT USA,Tuition,bulk_tuition_debit_train_275,train
KHAN ACADEMY 3052 MARKET BLVD DENVER 80201-1168CO USA,Tuition,bulk_tuition_debit_train_276,train
KHAN ACADEMY 6858 CENTER LN PITTSBURGH 15201 PA USA,Tuition,bulk_tuition_debit_train_277,train
PAYPAL INST XFER BRILLIANT.ORG WEB ID: PAYPALSI95,Tuition,bulk_tuition_debit_train_278,train
MCGRAW HILL 3796 MISSION AVE OAKLAND 94601 CA USA,Tuition,bulk_tuition_debit_train_279,train
PACKT PUBLISHING,Tuition,bulk_tuition_debit_train_280,train
DATACAMP 518 ELM LN NASHVILLE37201 TN USA,Tuition,bulk_tuition_debit_train_281,train
PREAUTHORIZED WITHDRAWAL TO MCGRAW HILL,Tuition,bulk_tuition_debit_train_282,train
brilliant.org; charge,Tuition,bulk_tuition_debit_train_283,train
udemy*6lpfd4lk2,Tuition,bulk_tuition_debit_train_284,train
PP*O'REILLY MEDIA,Tuition,bulk_tuition_debit_train_285,train
DATACAMP INC,Tuition,bulk_tuition_credit_train_286,train
PREAPPROVED PAYMENT BILL USER PAYMENT: UDEMY,Tuition,bulk_tuition_debit_train_287,train
COLLEGE OF HOUSTON TUITION,Tuition,bulk_tuition_debit_train_288,train
SCHOOL DISTRICT OF LAS VEGAS TUITION,Tuition,bulk_tuition_debit_train_289,train
HUNTINGTON LEARNING; BILLING,Tuition,bulk_tuition_debit_train_290,train
CHEGG 6882 ELM CT INDIANAPOLIS 46201-4851IN USA,Tuition,bulk_tuition_debit_train_291,train
College Of Seattle Tuition,Tuition,bulk_tuition_debit_train_292,train
CHEGG*K70IMEYJHI,Tuition,bulk_tuition_debit_train_293,train
SKILLSHARE*KWCDT4OS0,Tuition,bulk_tuition_debit_train_294,train
PP*skillshare,Tuition,bulk_tuition_debit_train_295,train
KHAN ACADEMY 9940 OAK RD BOSTON 02101-6649MA USA,Tuition,bulk_tuition_debit_train_296,train
BRILLIANT.ORG 931 UNIVERSITY LN AUSTIN 78701 TX USA,Tuition,bulk_tuition_debit_train_297,train
BRILLIANT.ORG*4D3XUJF6H,Tuition,bulk_tuition_debit_train_298,train
CODECADEMY 2005 MISSION RD CHARLOTTE 28201 NC USA,Tuition,bulk_tuition_debit_train_299,train
BRILLIANT.ORG 2723 PARK PKWY DENVER 80201-3045CO USA,Tuition,bulk_tuition_debit_train_300,train
School District Of Brooklyn Tuition,Tuition,bulk_tuition_debit_train_301,train
PACKT PUBLISHING; Charge,Tuition,bulk_tuition_debit_train_302,train
kumon 2439 elm way atlanta 30301-4567ga usa,Tuition,bulk_tuition_debit_train_303,train
PAYPAL INST XFER WYZANT WEB ID: PAYPALSI09,Tuition,bulk_tuition_debit_train_304,train
college of brooklyn tuition,Tuition,bulk_tuition_debit_train_305,train
COURSERA 8248 CENTER PKWY SAN FRANCISCO 94102-5242CA USA,Tuition,bulk_tuition_debit_train_306,train
CODECADEMY INC.,Tuition,bulk_tuition_debit_train_307,train
O'REILLY MEDIA #3586 SAN DIEGO,Tuition,bulk_tuition_debit_train_308,train
KUMON 897 MAIN ST PITTSBURGH 15201 PA USA,Tuition,bulk_tuition_debit_train_309,train
PAYPAL INST XFER PLURALSIGHT WEB ID: PAYPALSI07,Tuition,bulk_tuition_debit_train_310,train
AMAZON KINDLE 9970 PARK LN COLUMBUS 43201 OH USA,Tuition,bulk_tuition_debit_train_311,train
DATACAMP - SAN FRANCISCO,Tuition,bulk_tuition_debit_train_312,train
SCHOOL DISTRICT OF SALT LAKE CITY TUITION,Tuition,bulk_tuition_debit_train_313,train
Masterclass,Tuition,bulk_tuition_debit_train_314,train
brilliant.org*qwdo4l03p,Tuition,bulk_tuition_debit_train_315,train
Express Checkout Payment: barnes & noble,Tuition,bulk_tuition_debit_train_316,train
SKILLSHARE 7421 MAIN CT ORLANDO 32801-3645FL USA,Tuition,bulk_tuition_debit_train_317,train
KHAN ACADEMY 667 ELM RD NEWARK 07101 NJ USA,Tuition,bulk_tuition_debit_train_318,train
SKILLSHARE 8442 MARKET AVE SEATTLE 98101-8633WA USA,Tuition,bulk_tuition_debit_train_319,train
KHAN ACADEMY 5913 BROADWAY PKWY FREMONT 94536 CA USA,Tuition,bulk_tuition_debit_validation_0,validation
PAYPAL *BARNES & NOBLE Q3HBVYH1NY,Tuition,bulk_tuition_debit_validation_1,validation
MASTERCLASS 5487 ELM AVE HAYWARD 94541-5638CA USA,Tuition,bulk_tuition_debit_validation_2,validation
DATACAMP 3677 OAK CT NASHVILLE 37201-4757TN USA,Tuition,bulk_tuition_credit_validation_3,validation
Barnes & Noble 1350 Oak Ct Union City 94587-0660ca Usa,Tuition,bulk_tuition_debit_validation_4,validation
CHEGG; PURCHASE,Tuition,bulk_tuition_debit_validation_5,validation
paypal *brilliant.org 7j0lz731pr,Tuition,bulk_tuition_debit_validation_6,validation
datacamp*v1gqu8wts4t,Tuition,bulk_tuition_debit_validation_7,validation
MATHNASIUM; SUBSCRIPTION,Tuition,bulk_tuition_debit_validation_8,validation
SKILLSHARE 4021 INDUSTRIAL DR HAYWARD94541 CA USA,Tuition,bulk_tuition_debit_validation_9,validation
KHAN ACADEMY*LP41F5NC,Tuition,bulk_tuition_debit_validation_10,validation
CODECADEMY 1756 UNIVERSITY AVE SAN JOSE 95101-4941CA USA,Tuition,bulk_tuition_debit_validation_11,validation
PAYPAL *Sylvan Learning,Tuition,bulk_tuition_debit_validation_12,validation
Paypal *brilliant.org Hccbki440t,Tuition,bulk_tuition_debit_validation_13,validation
PACKT PUBLISHING 9062 PARK ST UNION CITY94587 CA USA,Tuition,bulk_tuition_debit_validation_14,validation
COLLEGE OF CHARLOTTE TUITION,Tuition,bulk_tuition_debit_validation_15,validation
University Of Brooklyn Tuition,Tuition,bulk_tuition_debit_validation_16,validation
CHEGG 1777 MAIN DR CHICAGO 60601 IL USA,Tuition,bulk_tuition_debit_validation_17,validation
Wyzant.com,Tuition,bulk_tuition_debit_validation_18,validation
O'REILLY MEDIA 344 CENTER CT SALT LAKE CITY 84101 UT USA,Tuition,bulk_tuition_debit_validation_19,validation
PEARSON 5744 MISSION RD DALLAS75201 TX USA,Tuition,bulk_tuition_debit_validation_20,validation
Codecademy.com,Tuition,bulk_tuition_debit_validation_21,validation
Packt Publishing 1382 Oak Ave Miami 33101-5123fl Usa,Tuition,bulk_tuition_debit_validation_22,validation
o'reilly media*fu5dgs09xz5,Tuition,bulk_tuition_debit_validation_23,validation
PAYPAL INST XFER BRILLIANT.ORG WEB ID: PAYPALSI90,Tuition,bulk_tuition_debit_validation_24,validation
UDEMY*7BL3NR7B8Q,Tuition,bulk_tuition_debit_validation_25,validation
CHEGG #586 SAN FRANCISCO,Tuition,bulk_tuition_debit_validation_26,validation
BRILLIANT.ORG*8DIXX86G5,Tuition,bulk_tuition_debit_validation_27,validation
PACKT PUBLISHING INC,Tuition,bulk_tuition_debit_validation_28,validation
BRILLIANT.ORG*WHX1B0I0,Tuition,bulk_tuition_debit_validation_29,validation
CODECADEMY*IS6YFZCH,Tuition,bulk_tuition_credit_validation_30,validation
PACKT PUBLISHING 9408 MISSION BLVD UNION CITY 94587 CA USA,Tuition,bulk_tuition_debit_validation_31,validation
Buyer Payment: COURSERA,Tuition,bulk_tuition_debit_validation_32,validation
Preauthorized Withdrawal to BARNES & NOBLE,Tuition,bulk_tuition_debit_validation_33,validation
PAYPAL INST XFER PLURALSIGHT WEB ID: PAYPALSI74,Tuition,bulk_tuition_debit_validation_34,validation
College Of Austin Tuition,Tuition,bulk_tuition_debit_validation_35,validation
PYPL *COURSERA,Tuition,bulk_tuition_debit_validation_36,validation
PYPL*SYLVAN LEARNING,Tuition,bulk_tuition_debit_validation_37,validation
PP*KHAN ACADEMY,Tuition,bulk_tuition_debit_validation_38,validation
coursera*k122xohufcu,Tuition,bulk_tuition_debit_validation_39,validation
CODECADEMY 5806 MARKET PKWY BOSTON02101 MA USA,Tuition,bulk_tuition_debit_test_0,test
PAYPAL *MASTERCLASS CHRFWNNA2L,Tuition,bulk_tuition_debit_test_1,test
PACKT PUBLISHING 350 CENTER AVE PORTLAND 97201-7933OR USA,Tuition,bulk_tuition_debit_test_2,test
Withdrawal from CHEGG,Tuition,bulk_tuition_debit_test_3,test
Withdrawal from CODECADEMY,Tuition,bulk_tuition_debit_test_4,test
amazon kindle llc,Tuition,bulk_tuition_debit_test_5,test
Khan Academy 2950 Mission Ct Fremont 94536-3902ca Usa,Tuition,bulk_tuition_debit_test_6,test
SKILLSHARE 3178 INDUSTRIAL CT TAMPA33601 FL USA,Tuition,bulk_tuition_debit_test_7,test
HUNTINGTON LEARNING.COM,Tuition,bulk_tuition_debit_test_8,test
PAYPAL INST XFER PEARSON WEB ID: PAYPALSI57,Tuition,bulk_tuition_debit_test_9,test
SCHOOL DISTRICT OF SAN JOSE TUITION,Tuition,bulk_tuition_debit_test_10,test
CHEGG #47466 HAYWARD,Tuition,bulk_tuition_debit_test_11,test
Brilliant.org 3990 Elm Ct Phoenix85001 Az Usa,Tuition,bulk_tuition_debit_test_12,test
BARNES & NOBLE*9VN6AEHU4Z,Tuition,bulk_tuition_debit_test_13,test
PLURALSIGHT - ATLANTA,Tuition,bulk_tuition_debit_test_14,test
AMAZON KINDLE*NJLJX7ZIZL6,Tuition,bulk_tuition_debit_test_15,test
COURSERA*249J0ISQC,Tuition,bulk_tuition_debit_test_16,test
MASTERCLASS 2507 OAK RD LOS ANGELES 90001-8199CA USA,Tuition,bulk_tuition_debit_test_17,test
PYPL*Udemy,Tuition,bulk_tuition_debit_test_18,test
PAYPAL INST XFER MASTERCLASS WEB ID: PAYPALSI92,Tuition,bulk_tuition_debit_test_19,test
BARNES & NOBLE INC.,Tuition,bulk_tuition_debit_test_20,test
O'reilly Media; Billing,Tuition,bulk_tuition_debit_test_21,test
KHAN ACADEMY CO,Tuition,bulk_tuition_debit_test_22,test
PP*CODECADEMY,Tuition,bulk_tuition_debit_test_23,test
SKILLSHARE 2039 BROADWAY BLVD NASHVILLE 37201 TN USA,Tuition,bulk_tuition_debit_test_24,test
O'REILLY MEDIA*TJCD4Q86J9N,Tuition,bulk_tuition_credit_test_25,test
PP*UDEMY,Tuition,bulk_tuition_debit_test_26,test
PACKT PUBLISHING 8652 BROADWAY AVE UNION CITY 94587 CA USA,Tuition,bulk_tuition_debit_test_27,test
MASTERCLASS 9501 CENTER ST UNION CITY 94587 CA USA,Tuition,bulk_tuition_debit_test_28,test
HUNTINGTON LEARNING*CNZGEFB3U,Tuition,bulk_tuition_debit_test_29,test
UDEMY 1850 BROADWAY PKWY MIAMI 33101-1698FL USA,Tuition,bulk_tuition_debit_test_30,test
PACKT PUBLISHING #5612 ORLANDO,Tuition,bulk_tuition_debit_test_31,test
O'REILLY MEDIA 3731 UNIVERSITY CT OAKLAND 94601 CA USA,Tuition,bulk_tuition_debit_test_32,test
PYPL *PLURALSIGHT,Tuition,bulk_tuition_debit_test_33,test
DATACAMP 162 UNIVERSITY DR FREMONT 94536-1478CA USA,Tuition,bulk_tuition_debit_test_34,test
COURSERA.COM,Tuition,bulk_tuition_debit_test_35,test
BRILLIANT.ORG 6766 MISSION CT BOSTON 02101-6880MA USA,Tuition,bulk_tuition_debit_test_36,test
COURSERA 899 UNIVERSITY RD LOS ANGELES90001 CA USA,Tuition,bulk_tuition_debit_test_37,test
PAYPAL *KHAN ACADEMY C7HE0HBUZH,Tuition,bulk_tuition_debit_test_38,test
coursera 6725 oak blvd san diego 92101 ca usa,Tuition,bulk_tuition_debit_test_39,test
Deposit from KEYBANK Ext Trnsfr,Transfer,bulk_transfer_debit_train_0,train
Zelle payment to DONALD DAVIS BOSTON MA 62935696052,Transfer,bulk_transfer_debit_train_1,train
PAYPAL INST XFER CAPITAL ONE AUTOPAYWEB ID: PAYPALSI24,Transfer,bulk_transfer_debit_train_2,train
VENMO PAYMENT TO BARBARA THOMPSON,Transfer,bulk_transfer_debit_train_3,train
CASH APP PAYMENT TO SUSAN LI,Transfer,bulk_transfer_debit_train_4,train
Zelle payment to DAVID JONES RALEIGH NC 65430114356,Transfer,bulk_transfer_debit_train_5,train
AFTERPAY INSTALLMENT,Transfer,bulk_transfer_debit_train_6,train
Zelle payment to ANDREW JACKSON DENVER CO 62598762399,Transfer,bulk_transfer_debit_train_7,train
PAYPAL INST XFER CHASE CREDIT CRD AUTOPAYWEB ID: PAYPALSI46,Transfer,bulk_transfer_debit_train_8,train
CASH APP PAYMENT TO MARY RAMIREZ,Transfer,bulk_transfer_debit_train_9,train
DISCOVER BANK IFI DDA TO DDA UVH33Y46 WEB ID: 2P8L6MX0K8,Transfer,bulk_transfer_debit_train_10,train
TD BANK DDA TO DDA EL7RJ9DMQZ PPD ID: 5587640279,Transfer,bulk_transfer_credit_train_11,train
PAYPAL INST XFER CITI AUTOPAY WEB ID: PAYPALSI56,Transfer,bulk_transfer_debit_train_12,train
PAYPAL PAYMENT TO PAUL TAYLOR,Transfer,bulk_transfer_debit_train_13,train
BMO HARRIS DDA TO DDA MKPQ1UCUOB PPD ID: 4950516854,Transfer,bulk_transfer_debit_train_14,train
REGIONS BANK DDA TO DDA 8E38MV05TX WEB ID: 2BK1AJR1HV,Transfer,bulk_transfer_credit_train_15,train
CASH APP PAYMENT TO JOSEPH MARTINEZ,Transfer,bulk_transfer_debit_train_16,train
TRUIST DDA TO DDA REFCODE QY1EMKLV WEB ID: 3CIJVBXFAF,Transfer,bulk_transfer_debit_train_17,train
PAYPAL INST XFER CAPITAL ONE AUTOPAYWEB ID: PAYPALSI70,Transfer,bulk_transfer_credit_train_18,train
WITHDRAWAL FROM BANK OF AMERICA EXT TRNSFR,Transfer,bulk_transfer_credit_train_19,train
PAYPAL PAYMENT TO PATRICIA LOPEZ,Transfer,bulk_transfer_debit_train_20,train
BMO HARRIS DDA TO DDA 9P37FP2J62 PPD ID: 3340057210,Transfer,bulk_transfer_credit_train_21,train
Online Transfer 58180656628 from NGUYEN-RHO ########5290 transaction#: 2966741,Transfer,bulk_transfer_credit_train_22,train
BANK OF AMERICA XFER DDA TO DDAR66EDIYO WEB ID: L8ZWD16V2Y,Transfer,bulk_transfer_debit_train_23,train
INCOMING WIRE TRANSFER FROM MICHELLE CLARK,Transfer,bulk_transfer_credit_train_24,train
Online Transfer 17116970306 to Savings #######3340 transaction #: 0772471,Transfer,bulk_transfer_credit_train_25,train
CASHIER CHECK WITHDRAWAL,Transfer,bulk_transfer_debit_train_26,train
TRUIST XFER DDA TO DDAQOMXCXSW WEB ID: 9TBWLO1LU2,Transfer,bulk_transfer_credit_train_27,train
Counter Check,Transfer,bulk_transfer_debit_train_28,train
PAYPAL INST XFER WEB ID: PAYPALSI66,Transfer,bulk_transfer_credit_train_29,train
CITIBANK IFI DDA TO DDA 3VM95E0F WEB ID: K1V0MJXAPV,Transfer,bulk_transfer_debit_train_30,train
MANUAL DB-BKRG 01/53,Transfer,bulk_transfer_credit_train_31,train
Online Transfer 44267303985 from BROWN-BREX ########9887 transaction#: 3635914,Transfer,bulk_transfer_credit_train_32,train
MONTHLY INSTALLMENTS (10 OF 36),Transfer,bulk_transfer_debit_train_33,train
Paypal Payment To Ashley Jackson,Transfer,bulk_transfer_debit_train_34,train
paypal payment to patricia martin,Transfer,bulk_transfer_debit_train_35,train
TRUIST DDA TO DDA REFCODE Q3CCZ143 WEB ID: H1YPTRAH3Q,Transfer,bulk_transfer_debit_train_36,train
CASH APP PAYMENT TO SARAH LEE,Transfer,bulk_transfer_debit_train_37,train
PAYPAL INST XFER CITI AUTOPAY WEB ID: PAYPALSI66,Transfer,bulk_transfer_debit_train_38,train
COMERICA DDA TO DDA USL7A9S6WM WEB ID: KP80MAIMIZ,Transfer,bulk_transfer_credit_train_39,train
NINJATRADER MONEYLINK PPD ID: 323244083,Transfer,bulk_transfer_debit_train_40,train
Withdrawal From M&t Bank Ext Trnsfr,Transfer,bulk_transfer_debit_train_41,train
CASH APP PAYMENT TO JOHN HARRIS,Transfer,bulk_transfer_debit_train_42,train
interactive brokers investments moneyline,Transfer,bulk_transfer_debit_train_43,train
COMERICA DDA TO DDA REFCODE XKB4ZA6Q WEB ID: 0DS266SYON,Transfer,bulk_transfer_debit_train_44,train
Online Transfer 73647931796 to DoDataThings-NEARSIDE ########2884 transaction #: 7013561,Transfer,bulk_transfer_debit_train_45,train
PAYPAL INST XFER BARCLAYCARD WEB ID: PAYPALSI80,Transfer,bulk_transfer_debit_train_46,train
Online Transfer 09023699110 to JOHNSON-NEARSIDE ########9005 transaction #: 4251045,Transfer,bulk_transfer_credit_train_47,train
PAYPAL INST XFER CHASE CREDIT CRD AUTOPAYWEB ID: PAYPALSI92,Transfer,bulk_transfer_debit_train_48,train
manual cr-bkrg 16/97,Transfer,bulk_transfer_debit_train_49,train
PAYPAL INST XFER AMEX AUTOPAY WEB ID: PAYPALSI90,Transfer,bulk_transfer_credit_train_50,train
venmo payment to robert brown,Transfer,bulk_transfer_debit_train_51,train
PAYPAL INST XFER PAYPAL_CREDIT_C WEB ID: PAYPALSI89,Transfer,bulk_transfer_debit_train_52,train
ROBINHOOD ACH TRANSFER,Transfer,bulk_transfer_credit_train_53,train
PAYPAL INST XFER CHASE CREDIT CRD AUTOPAYWEB ID: PAYPALSI29,Transfer,bulk_transfer_credit_train_54,train
Venmo Payment To Barbara Walker,Transfer,bulk_transfer_debit_train_55,train
VENMO PAYMENT TO DONNA GONZALEZ,Transfer,bulk_transfer_debit_train_56,train
Manual Db-bkrg 86/19,Transfer,bulk_transfer_credit_train_57,train
Venmo Payment To Jennifer Rodriguez,Transfer,bulk_transfer_debit_train_58,train
CASH APP PAYMENT TO KAREN PARK,Transfer,bulk_transfer_debit_train_59,train
CASH APP PAYMENT TO KAREN BROWN,Transfer,bulk_transfer_debit_train_60,train
VENMO PAYMENT TO DONNA NGUYEN,Transfer,bulk_transfer_debit_train_61,train
ALLY BANK IFI DDA TO DDA NOZLPR9M WEB ID: 14JHDGH8HL,Transfer,bulk_transfer_debit_train_62,train
Zelle payment to EMILY GARCIA INDIANAPOLIS IN 51342771664,Transfer,bulk_transfer_debit_train_63,train
firstrade investments moneyline,Transfer,bulk_transfer_debit_train_64,train
VENMO PAYMENT TO MICHELLE KIM,Transfer,bulk_transfer_debit_train_65,train
AFTERPAY INSTALLMENT WEB ID: MHUB3ZZZ,Transfer,bulk_transfer_debit_train_66,train
PAYPAL INST XFER DISCOVER AUTOPAYWEB ID: PAYPALSI88,Transfer,bulk_transfer_debit_train_67,train
SVB DDA TO DDA REFCODE AEFZGUE0 WEB ID: 7C04T4SXVU,Transfer,bulk_transfer_credit_train_68,train
Withdrawal from DISCOVER BANK Ext Trnsfr,Transfer,bulk_transfer_debit_train_69,train
Online Transfer 51961186555 from Savings ...3280 transaction#: 8276266,Transfer,bulk_transfer_credit_train_70,train
VENMO PAYMENT TO DANIEL JONES,Transfer,bulk_transfer_debit_train_71,train
LILI TRANSFER PPD ID: 94741442,Transfer,bulk_transfer_debit_train_72,train
CASH APP PAYMENT TO BARBARA LOPEZ,Transfer,bulk_transfer_debit_train_73,train
PAYPAL PAYMENT TO MARK SHAH,Transfer,bulk_transfer_debit_train_74,train
FED WIRE FROM JPMORGAN CHASE,Transfer,bulk_transfer_credit_train_75,train
PAYPAL INST XFER WEB ID: PAYPALSI81,Transfer,bulk_transfer_debit_train_76,train
Monthly Installments (9 Of 36),Transfer,bulk_transfer_debit_train_77,train
JPMORGAN CHASE XFER DDA TO DDARGZ6ZV4S WEB ID: CG219WDHVF,Transfer,bulk_transfer_credit_train_78,train
Online Transfer 34931040768 from Brokerage ...8916 transaction#: 2605908,Transfer,bulk_transfer_debit_train_79,train
M&T BANK DDA TO DDA QH42BTEIUH PPD ID: 9656433092,Transfer,bulk_transfer_debit_train_80,train
CASH APP PAYMENT TO MICHELLE MOORE,Transfer,bulk_transfer_debit_train_81,train
Venmo Payment To Mark Lee,Transfer,bulk_transfer_debit_train_82,train
CASH APP PAYMENT TO LISA HARRIS,Transfer,bulk_transfer_debit_train_83,train
CAPITAL ONE XFER DDA TO DDA9KNEAEYN WEB ID: ROLTWL8G3S,Transfer,bulk_transfer_credit_train_84,train
Zelle payment to BETTY RODRIGUEZ NEWARK NJ 79479860300,Transfer,bulk_transfer_debit_train_85,train
CASH APP PAYMENT TO KAREN THOMPSON,Transfer,bulk_transfer_debit_train_86,train
QUADPAY INSTALLMENT WEB ID: L48I4B3B,Transfer,bulk_transfer_debit_train_87,train
Zelle payment to JOHN MARTINEZ TAMPA FL 56829431312,Transfer,bulk_transfer_debit_train_88,train
Dub (ecfi) Transfer,Transfer,bulk_transfer_debit_train_89,train
Deposit from WELLS FARGO Ext Trnsfr,Transfer,bulk_transfer_credit_train_90,train
MANUAL CR-BKRG 68/41,Transfer,bulk_transfer_debit_train_91,train
PAYPAL INST XFER PAYPAL_CREDIT_C WEB ID: PAYPALSI83,Transfer,bulk_transfer_credit_train_92,train
Online Transfer 87476570120 to UC BERKELEY-DUB ########3255 transaction #: 7674949,Transfer,bulk_transfer_credit_train_93,train
COINBASE ACH TRANSFER,Transfer,bulk_transfer_credit_train_94,train
TRADESTATION PAYMENTS 740977867905143 WEB ID: 98004978,Transfer,bulk_transfer_credit_train_95,train
VENMO PAYMENT TO DANIEL LEWIS,Transfer,bulk_transfer_debit_train_96,train
CASH APP PAYMENT TO WILLIAM MARTIN,Transfer,bulk_transfer_debit_train_97,train
Manual CR-Bkrg 25/63,Transfer,bulk_transfer_credit_train_98,train
Monthly Installments (8 Of 24),Transfer,bulk_transfer_debit_train_99,train
ATM DEPOSIT PHILADELPHIA,Transfer,bulk_transfer_credit_train_100,train
CITIZENS BANK DDA TO DDA VKGRQSAYNG WEB ID: 8DQ5KA7XZO,Transfer,bulk_transfer_credit_train_101,train
ATM WITHDRAWAL,Transfer,bulk_transfer_debit_train_102,train
VENMO PAYMENT TO JOHN WHITE,Transfer,bulk_transfer_debit_train_103,train
VENMO PAYMENT TO KIMBERLY LI,Transfer,bulk_transfer_debit_train_104,train
Online Transfer 73709497448 from Savings ...6214 transaction#: 5063404,Transfer,bulk_transfer_debit_train_105,train
deposit from us bank ext trnsfr,Transfer,bulk_transfer_credit_train_106,train
WIRE TRF OUT REF: 34500367346497,Transfer,bulk_transfer_debit_train_107,train
CASH APP PAYMENT TO RICHARD TAYLOR,Transfer,bulk_transfer_debit_train_108,train
CITIBANK IFI DDA TO DDA UPQFJXA4 WEB ID: 832Q7ORED7,Transfer,bulk_transfer_credit_train_109,train
Withdrawal from TRUIST Ext Trnsfr,Transfer,bulk_transfer_credit_train_110,train
TRADESTATION PAYMENTS 454241171335891 WEB ID: 52280951,Transfer,bulk_transfer_debit_train_111,train
cash app payment to andrew li,Transfer,bulk_transfer_debit_train_112,train
Venmo Payment To Michael Johnson,Transfer,bulk_transfer_debit_train_113,train
KEYBANK DDA TO DDA FQDTD6AFIC WEB ID: QU8W844PL3,Transfer,bulk_transfer_debit_train_114,train
PAYPAL INST XFER AMEX AUTOPAY WEB ID: PAYPALSI68,Transfer,bulk_transfer_credit_train_115,train
PAYPAL INST XFER BARCLAYCARD WEB ID: PAYPALSI47,Transfer,bulk_transfer_debit_train_116,train
paypal payment to daniel park,Transfer,bulk_transfer_debit_train_117,train
ZIONS BANK DDA TO DDA REFCODE 3DLK8VR3 WEB ID: SU12W3XGYQ,Transfer,bulk_transfer_debit_train_118,train
cash app payment to karen patel,Transfer,bulk_transfer_debit_train_119,train
AFFIRM INSTALLMENT WEB ID: IPG0HOZF,Transfer,bulk_transfer_debit_train_120,train
TRUIST DDA TO DDA REFCODE BQ5BT2Y5 WEB ID: X4WKHGB9R6,Transfer,bulk_transfer_credit_train_121,train
VENMO PAYMENT TO ELIZABETH JOHNSON,Transfer,bulk_transfer_debit_train_122,train
DISCOVER BANK IFI DDA TO DDA NEK9CNNQ WEB ID: INTFITRVOS,Transfer,bulk_transfer_debit_train_123,train
TRADESTATION PAYMENTS 136689673171224 WEB ID: 55444165,Transfer,bulk_transfer_credit_train_124,train
PAYPAL PAYMENT TO MATTHEW JOHNSON,Transfer,bulk_transfer_debit_train_125,train
Zelle payment to DONALD CHEN FREMONT CA 70864537638,Transfer,bulk_transfer_debit_train_126,train
TRUIST IFI DDA TO DDA HRLBV2GU WEB ID: 49AWXLBUMA,Transfer,bulk_transfer_credit_train_127,train
ALLY BANK DDA TO DDA V4XPVAEFQR PPD ID: 6462415789,Transfer,bulk_transfer_debit_train_128,train
PAYPAL INST XFER CHASE CREDIT CRD AUTOPAYWEB ID: PAYPALSI55,Transfer,bulk_transfer_debit_train_129,train
CASH APP PAYMENT TO SARAH WHITE,Transfer,bulk_transfer_debit_train_130,train
CASH APP PAYMENT TO NANCY KIM,Transfer,bulk_transfer_debit_train_131,train
PAYPAL INST XFER DISCOVER AUTOPAYWEB ID: PAYPALSI98,Transfer,bulk_transfer_debit_train_132,train
Manual CR-Bkrg 35/04,Transfer,bulk_transfer_debit_train_133,train
MANUAL DB-BKRG 51/81,Transfer,bulk_transfer_credit_train_134,train
REGIONS BANK DDA TO DDA D7O54YE279 WEB ID: 6FSM7QEKQF,Transfer,bulk_transfer_debit_train_135,train
WEBULL INVESTMENTS MONEYLINE,Transfer,bulk_transfer_credit_train_136,train
Online Transfer 02086053573 from DoDataThings-RELAY ########0622 transaction#: 5141689,Transfer,bulk_transfer_debit_train_137,train
PNC BANK IFI DDA TO DDA 46X2AR3H WEB ID: RXMGOQES94,Transfer,bulk_transfer_credit_train_138,train
VENMO PAYMENT TO WILLIAM PATEL,Transfer,bulk_transfer_debit_train_139,train
Zelle payment to ANDREW LEE INDIANAPOLIS IN 67460601024,Transfer,bulk_transfer_debit_train_140,train
Manual CR-Bkrg 78/35,Transfer,bulk_transfer_credit_train_141,train
Manual DB-Bkrg 86/20,Transfer,bulk_transfer_credit_train_142,train
Online Transfer 59918392884 to WILLIAMS-BREX ########0471 transaction #: 9655479,Transfer,bulk_transfer_credit_train_143,train
ATM CASH WDL 70/91 #501351,Transfer,bulk_transfer_debit_train_144,train
CASH APP PAYMENT TO SARAH JONES,Transfer,bulk_transfer_debit_train_145,train
PAYPAL INST XFER BARCLAYCARD WEB ID: PAYPALSI95,Transfer,bulk_transfer_debit_train_146,train
Zelle payment to CHARLES WANG NEW YORK NY 44904377416,Transfer,bulk_transfer_debit_train_147,train
PAYPAL PAYMENT TO DONALD RAMIREZ,Transfer,bulk_transfer_debit_train_148,train
KEYBANK DDA TO DDA J9UUK7MHFF WEB ID: FRIBVZWEVH,Transfer,bulk_transfer_credit_train_149,train
VENMO PAYMENT TO LINDA TAYLOR,Transfer,bulk_transfer_debit_train_150,train
KEYBANK IFI DDA TO DDA GDFL6RJR WEB ID: INTFITRVOS,Transfer,bulk_transfer_credit_train_151,train
MANUAL DB-BKRG 02/53,Transfer,bulk_transfer_debit_train_152,train
splitit payment,Transfer,bulk_transfer_debit_train_153,train
Online Transfer 65018364241 to Savings #######5727 transaction #: 3502318,Transfer,bulk_transfer_debit_train_154,train
PAYPAL INST XFER AMEX AUTOPAY WEB ID: PAYPALSI95,Transfer,bulk_transfer_debit_train_155,train
Online Transfer 92170528749 from Checking ...9483 transaction#: 5006070,Transfer,bulk_transfer_debit_train_156,train
Zelle payment to ANTHONY WONG NEWARK NJ 69226964224,Transfer,bulk_transfer_debit_train_157,train
atm withdrawal - 6753 market st oakland ca,Transfer,bulk_transfer_debit_train_158,train
MONTHLY INSTALLMENTS (5 OF 24),Transfer,bulk_transfer_debit_train_159,train
bitstamp brokerage transfer,Transfer,bulk_transfer_credit_train_160,train
PAYPAL PAYMENT TO LINDA JOHNSON,Transfer,bulk_transfer_debit_train_161,train
Zelle payment to ROBERT WALKER PHILADELPHIA PA 82187523975,Transfer,bulk_transfer_debit_train_162,train
Paypal Payment To Sarah Ramirez,Transfer,bulk_transfer_debit_train_163,train
Online Transfer 62204214563 to DoDataThings-MEOW ########8608 transaction #: 0557698,Transfer,bulk_transfer_debit_train_164,train
NON-NETWORK ATM WITHDRAWAL,Transfer,bulk_transfer_debit_train_165,train
CASH APP PAYMENT TO MATTHEW JACKSON,Transfer,bulk_transfer_debit_train_166,train
monthly installments (5 of 36),Transfer,bulk_transfer_debit_train_167,train
MANUAL DB-BKRG 28/92,Transfer,bulk_transfer_debit_train_168,train
AFTERPAY INSTALLMENT WEB ID: SNTFEJI8,Transfer,bulk_transfer_debit_train_169,train
PNC BANK IFI DDA TO DDA 60HZU9KC WEB ID: INTFITRVOS,Transfer,bulk_transfer_credit_train_170,train
Online Transfer 57323823861 to Savings #######2097 transaction #: 3851069,Transfer,bulk_transfer_debit_train_171,train
PAYPAL PAYMENT TO DONALD CLARK,Transfer,bulk_transfer_debit_train_172,train
CASH APP PAYMENT TO JAMES MARTIN,Transfer,bulk_transfer_debit_train_173,train
PNC BANK IFI DDA TO DDA Z3D27AHK WEB ID: EJ8YRPFLQI,Transfer,bulk_transfer_debit_train_174,train
Online Transfer 62650005744 to MyBusiness-DUB (ECFI) ########6452 transaction #: 0142991,Transfer,bulk_transfer_debit_train_175,train
venmo payment to mary perez,Transfer,bulk_transfer_debit_train_176,train
VENMO PAYMENT TO JOSHUA ROBINSON,Transfer,bulk_transfer_debit_train_177,train
PAYPAL INST XFER DISCOVER AUTOPAYWEB ID: PAYPALSI68,Transfer,bulk_transfer_debit_train_178,train
PAYPAL PAYMENT TO KIMBERLY WHITE,Transfer,bulk_transfer_debit_train_179,train
MEOW TRANSFER PPD ID: 35115163,Transfer,bulk_transfer_credit_train_180,train
ZIP PAY PMT 88689553,Transfer,bulk_transfer_debit_train_181,train
Zelle payment to LINDA KIM INDIANAPOLIS IN 32318294339,Transfer,bulk_transfer_debit_train_182,train
Cash App Payment To Anthony Thompson,Transfer,bulk_transfer_debit_train_183,train
Online Transfer 76229426628 to WHITE-FOUND ########5495 transaction #: 4891667,Transfer,bulk_transfer_credit_train_184,train
VENMO PAYMENT TO WILLIAM KIM,Transfer,bulk_transfer_debit_train_185,train
Online Transfer 50424280080 from Savings ...5388 transaction#: 6663315,Transfer,bulk_transfer_debit_train_186,train
PAYPAL PAYMENT TO DAVID BROWN,Transfer,bulk_transfer_debit_train_187,train
Venmo Payment To David Patel,Transfer,bulk_transfer_debit_train_188,train
Manual CR-Bkrg 81/52,Transfer,bulk_transfer_debit_train_189,train
Zelle payment to CHRISTOPHER CLARK DENVER CO 67736346160,Transfer,bulk_transfer_debit_train_190,train
Zelle payment to DANIEL PATEL SEATTLE WA 17986540121,Transfer,bulk_transfer_debit_train_191,train
PAYPAL INST XFER CAPITAL ONE AUTOPAYWEB ID: PAYPALSI78,Transfer,bulk_transfer_debit_train_192,train
Online Transfer 96276316769 to Savings #######6729 transaction #: 7662748,Transfer,bulk_transfer_credit_train_193,train
PAYPAL INST XFER WEB ID: PAYPALSI46,Transfer,bulk_transfer_credit_train_194,train
ZIONS BANK DDA TO DDA REFCODE YXA5XO7Z WEB ID: OCDP6ZOD2Q,Transfer,bulk_transfer_debit_train_195,train
CASH APP PAYMENT TO ASHLEY PEREZ,Transfer,bulk_transfer_debit_train_196,train
Online Transfer 81785019748 from Savings ...8170 transaction#: 3445079,Transfer,bulk_transfer_credit_train_197,train
PAYPAL PAYMENT TO KAREN ANDERSON,Transfer,bulk_transfer_debit_train_198,train
CITIBANK DDA TO DDA REFCODE IKCQ8N1A WEB ID: 2CJ2DA27AB,Transfer,bulk_transfer_credit_train_199,train
paypal payment to barbara white,Transfer,bulk_transfer_debit_train_200,train
MONTHLY INSTALLMENTS (4 OF 12),Transfer,bulk_transfer_debit_train_201,train
CASH APP PAYMENT TO JOHN MARTIN,Transfer,bulk_transfer_debit_train_202,train
VENMO PAYMENT TO JESSICA MILLER,Transfer,bulk_transfer_debit_train_203,train
Online Transfer 37713144161 from NVIDIA-GRASSHOPPER ########5008 transaction#: 3887469,Transfer,bulk_transfer_credit_train_204,train
TD BANK DDA TO DDA QHM6WU59M2 WEB ID: 7D1GVOQJ61,Transfer,bulk_transfer_credit_train_205,train
CASH APP PAYMENT TO DONNA CLARK,Transfer,bulk_transfer_debit_train_206,train
PAYPAL INST XFER PAYPAL_CREDIT_C WEB ID: PAYPALSI99,Transfer,bulk_transfer_debit_train_207,train
VENMO PAYMENT TO NANCY MARTIN,Transfer,bulk_transfer_debit_train_208,train
Online Transfer 90477183296 to DoDataThings-ARC ########8073 transaction #: 5440176,Transfer,bulk_transfer_credit_train_209,train
HUNTINGTON XFER DDA TO DDA0VCFCKVC WEB ID: YCBB00BRUH,Transfer,bulk_transfer_debit_train_210,train
PAYPAL INST XFER WEB ID: PAYPALSI56,Transfer,bulk_transfer_debit_train_211,train
PAYPAL INST XFER CHASE CREDIT CRD AUTOPAYWEB ID: PAYPALSI54,Transfer,bulk_transfer_debit_train_212,train
TRADESTATION PAYMENTS 205663415695983 WEB ID: 49281417,Transfer,bulk_transfer_credit_train_213,train
Zelle payment to SARAH LEWIS FREMONT CA 65656989768,Transfer,bulk_transfer_debit_train_214,train
QUADPAY PMT 20178619,Transfer,bulk_transfer_debit_train_215,train
PAYPAL INST XFER PAYPAL_CREDIT_C WEB ID: PAYPALSI97,Transfer,bulk_transfer_debit_train_216,train
Online Transfer 53796226662 from DoDataThings-BREX ########9683 transaction#: 7803035,Transfer,bulk_transfer_debit_train_217,train
deposit from td bank ext trnsfr,Transfer,bulk_transfer_debit_train_218,train
PAYPAL PAYMENT TO CHRISTOPHER MARTINEZ,Transfer,bulk_transfer_debit_train_219,train
FIRST REPUBLIC IFI DDA TO DDA QBCL0X4M WEB ID: 5G7XNOHTZP,Transfer,bulk_transfer_credit_train_220,train
VENMO PAYMENT TO DANIEL HERNANDEZ,Transfer,bulk_transfer_debit_train_221,train
PAYPAL INST XFER SYNCHRONY WEB ID: PAYPALSI01,Transfer,bulk_transfer_debit_train_222,train
Online Transfer 60526746631 from JACKSON-NOVO ########6956 transaction#: 7845546,Transfer,bulk_transfer_debit_train_223,train
SCHWAB BROKERAGE TRANSFER,Transfer,bulk_transfer_credit_train_224,train
M&T BANK DDA TO DDA PFIIAKGD2V WEB ID: 5458JHQODC,Transfer,bulk_transfer_credit_train_225,train
Monthly Installments (12 Of 24),Transfer,bulk_transfer_debit_train_226,train
VENMO PAYMENT TO ROBERT RAMIREZ,Transfer,bulk_transfer_debit_train_227,train
CASH APP PAYMENT TO JESSICA THOMAS,Transfer,bulk_transfer_debit_train_228,train
TRUIST DDA TO DDA 1MZLX2ZU2A WEB ID: EG1Q74O15J,Transfer,bulk_transfer_debit_train_229,train
Cash App Payment To Andrew Smith,Transfer,bulk_transfer_debit_train_230,train
ACH DEPOSIT INTERNET TRANSFER FROM ACCOUNT ENDING IN 2147,Transfer,bulk_transfer_credit_train_231,train
US BANK DDA TO DDA VQ1HJ5HZDL WEB ID: 71EWPWF9NP,Transfer,bulk_transfer_credit_train_232,train
BMO HARRIS DDA TO DDA T3QOLIWFST PPD ID: 1054467056,Transfer,bulk_transfer_credit_train_233,train
TRADESTATION PAYMENTS 798864022972451 WEB ID: 58738383,Transfer,bulk_transfer_credit_train_234,train
Online Transfer 20262609991 to Savings #######1626 transaction #: 7497882,Transfer,bulk_transfer_credit_train_235,train
uphold brokerage transfer,Transfer,bulk_transfer_credit_train_236,train
AFFIRM INSTALLMENT WEB ID: APWXYME4,Transfer,bulk_transfer_debit_train_237,train
DEPOSIT FROM HUNTINGTON EXT TRNSFR,Transfer,bulk_transfer_debit_train_238,train
DEPOSIT FROM BANK OF AMERICA EXT TRNSFR,Transfer,bulk_transfer_credit_train_239,train
PAYPAL INST XFER DISCOVER AUTOPAYWEB ID: PAYPALSI87,Transfer,bulk_transfer_debit_train_240,train
MANUAL DB-BKRG 19/97,Transfer,bulk_transfer_debit_train_241,train
TRADESTATION PAYMENTS 067696975372374 WEB ID: 82626996,Transfer,bulk_transfer_credit_train_242,train
PAYPAL INST XFER DISCOVER AUTOPAYWEB ID: PAYPALSI36,Transfer,bulk_transfer_credit_train_243,train
TRADESTATION PAYMENTS 492717980617072 WEB ID: 60968888,Transfer,bulk_transfer_debit_train_244,train
DEPOSIT FROM PNC BANK EXT TRNSFR,Transfer,bulk_transfer_credit_train_245,train
CASH APP PAYMENT TO JOHN RODRIGUEZ,Transfer,bulk_transfer_debit_train_246,train
Manual CR-Bkrg 88/43,Transfer,bulk_transfer_credit_train_247,train
Tradestation Ach Transfer,Transfer,bulk_transfer_credit_train_248,train
QUADPAY INSTALLMENT WEB ID: VGUPPLPU,Transfer,bulk_transfer_debit_train_249,train
CITIZENS BANK DDA TO DDA REFCODE I4CNLBFS WEB ID: LM4YV57TDS,Transfer,bulk_transfer_debit_train_250,train
PNC BANK DDA TO DDA 9LW7EJSR9V PPD ID: 7899439924,Transfer,bulk_transfer_debit_train_251,train
MANUAL DB-BKRG 56/12,Transfer,bulk_transfer_credit_train_252,train
PAYPAL INST XFER CHASE CREDIT CRD AUTOPAYWEB ID: PAYPALSI69,Transfer,bulk_transfer_debit_train_253,train
FIRST REPUBLIC DDA TO DDA 8ZS4Y7NAAJ PPD ID: 9660278972,Transfer,bulk_transfer_credit_train_254,train
Online Transfer 43797774755 to NVIDIA-NEARSIDE ########6383 transaction #: 6357514,Transfer,bulk_transfer_credit_train_255,train
VENMO PAYMENT TO DAVID ROBINSON,Transfer,bulk_transfer_debit_train_256,train
KLARNA INSTALLMENT WEB ID: JB8GC0R0,Transfer,bulk_transfer_debit_train_257,train
DEPOSIT FROM ALLY BANK EXT TRNSFR,Transfer,bulk_transfer_credit_train_258,train
NEARSIDE TRANSFER PPD ID: 61791516,Transfer,bulk_transfer_debit_train_259,train
VENMO PAYMENT TO BETTY WHITE,Transfer,bulk_transfer_debit_train_260,train
MONTHLY INSTALLMENTS (2 OF 12),Transfer,bulk_transfer_debit_train_261,train
BREX TRANSFER PPD ID: 98716925,Transfer,bulk_transfer_credit_train_262,train
Paypal Payment To David Davis,Transfer,bulk_transfer_debit_train_263,train
REGIONS BANK DDA TO DDA 3O6RWPI8LW PPD ID: 9899775890,Transfer,bulk_transfer_debit_train_264,train
CRYPTO.COM INVESTMENTS MONEYLINE,Transfer,bulk_transfer_credit_train_265,train
Dub (ecfi) Ach Transfer,Transfer,bulk_transfer_debit_train_266,train
ZIP PAY INSTALLMENT WEB ID: 95FSX5PF,Transfer,bulk_transfer_debit_train_267,train
COMERICA IFI DDA TO DDA VJ2CWKWQ WEB ID: INTFITRVOS,Transfer,bulk_transfer_debit_train_268,train
PAYPAL INST XFER PAYPAL_CREDIT_C WEB ID: PAYPALSI47,Transfer,bulk_transfer_credit_train_269,train
VENMO PAYMENT TO ASHLEY RODRIGUEZ,Transfer,bulk_transfer_debit_train_270,train
CAPITAL ONE IFI DDA TO DDA KQK7L1BO WEB ID: INTFITRVOS,Transfer,bulk_transfer_credit_train_271,train
SVB IFI DDA TO DDA 1U9LI4PN WEB ID: INTFITRVOS,Transfer,bulk_transfer_credit_train_272,train
CASH APP PAYMENT TO DONALD SINGH,Transfer,bulk_transfer_debit_train_273,train
BMO HARRIS DDA TO DDA CPL6BHZFM5 PPD ID: 8920708428,Transfer,bulk_transfer_credit_train_274,train
PAYPAL INST XFER CHASE CREDIT CRD AUTOPAYWEB ID: PAYPALSI38,Transfer,bulk_transfer_debit_train_275,train
FIRST REPUBLIC IFI DDA TO DDA BVQEF1XZ WEB ID: DJJ9ULQL3D,Transfer,bulk_transfer_debit_train_276,train
RELAY ACH TRANSFER,Transfer,bulk_transfer_debit_train_277,train
BMO HARRIS DDA TO DDA MUXPNI06PI WEB ID: J7YAOIQ0YH,Transfer,bulk_transfer_credit_train_278,train
CAPITAL ONE DDA TO DDA UYRVLGSBSD PPD ID: 6061996794,Transfer,bulk_transfer_debit_train_279,train
monthly installments (7 of 36),Transfer,bulk_transfer_debit_train_280,train
ALLY BANK IFI DDA TO DDA 0WIEIN5C WEB ID: INTFITRVOS,Transfer,bulk_transfer_debit_train_281,train
MANUAL DB-BKRG 41/63,Transfer,bulk_transfer_debit_train_282,train
SVB DDA TO DDA VB1X3E86FN WEB ID: 5E7ALXLB0T,Transfer,bulk_transfer_debit_train_283,train
Zelle payment to JENNIFER PARK SACRAMENTO CA 40101593997,Transfer,bulk_transfer_debit_train_284,train
PAYPAL INST XFER PAYPAL_CREDIT_C WEB ID: PAYPALSI06,Transfer,bulk_transfer_credit_train_285,train
preauthorized deposit from svb,Transfer,bulk_transfer_credit_train_286,train
REGIONS BANK DDA TO DDA EICJ6CAZN8 PPD ID: 0697446002,Transfer,bulk_transfer_credit_train_287,train
klarna pmt 80294273,Transfer,bulk_transfer_debit_train_288,train
SPLITIT INSTALLMENT WEB ID: L9SJCQU0,Transfer,bulk_transfer_debit_train_289,train
M&T BANK XFER DDA TO DDAHDFG2Q6F WEB ID: IEK2YY3EAS,Transfer,bulk_transfer_debit_train_290,train
PAYPAL PAYMENT TO ASHLEY THOMPSON,Transfer,bulk_transfer_debit_train_291,train
PAYPAL INST XFER CHASE CREDIT CRD AUTOPAYWEB ID: PAYPALSI64,Transfer,bulk_transfer_credit_train_292,train
PAYPAL INST XFER WEB ID: PAYPALSI76,Transfer,bulk_transfer_credit_train_293,train
ATM DEPOSIT OAKLAND,Transfer,bulk_transfer_credit_train_294,train
PREAUTHORIZED DEPOSIT FROM FIFTH THIRD,Transfer,bulk_transfer_debit_train_295,train
MANUAL CR-BKRG 87/90,Transfer,bulk_transfer_debit_train_296,train
OUTGOING WIRE TRANSFER,Transfer,bulk_transfer_debit_train_297,train
MANUAL DB-BKRG 94/85,Transfer,bulk_transfer_debit_train_298,train
US BANK IFI DDA TO DDA QBT6ALU3 WEB ID: INTFITRVOS,Transfer,bulk_transfer_credit_train_299,train
PAYPAL INST XFER CITI AUTOPAY WEB ID: PAYPALSI68,Transfer,bulk_transfer_debit_train_300,train
Online Transfer 40274215264 from DoDataThings-RELAY ########3899 transaction#: 3549916,Transfer,bulk_transfer_debit_train_301,train
venmo payment to matthew wilson,Transfer,bulk_transfer_debit_train_302,train
PAYPAL PAYMENT TO MICHAEL TAYLOR,Transfer,bulk_transfer_debit_train_303,train
ATM WITHDRAWAL - 625 BROADWAY ST NEWARK NJ,Transfer,bulk_transfer_debit_train_304,train
Zelle payment to ANDREW HERNANDEZ CHICAGO IL 37808028389,Transfer,bulk_transfer_debit_train_305,train
Online Transfer 67915633202 from Savings ...0624 transaction#: 4310692,Transfer,bulk_transfer_credit_train_306,train
CASH APP PAYMENT TO BETTY LEWIS,Transfer,bulk_transfer_debit_train_307,train
CASH APP PAYMENT TO BARBARA MILLER,Transfer,bulk_transfer_debit_train_308,train
VENMO PAYMENT TO JAMES WHITE,Transfer,bulk_transfer_debit_train_309,train
PAYPAL INST XFER BARCLAYCARD WEB ID: PAYPALSI00,Transfer,bulk_transfer_debit_train_310,train
PAYPAL INST XFER SYNCHRONY WEB ID: PAYPALSI69,Transfer,bulk_transfer_debit_train_311,train
CITIZENS BANK IFI DDA TO DDA W7AO2IYR WEB ID: G3C6EYM074,Transfer,bulk_transfer_credit_train_312,train
CASH APP PAYMENT TO BETTY WONG,Transfer,bulk_transfer_debit_train_313,train
VENMO PAYMENT TO CHARLES WILSON,Transfer,bulk_transfer_debit_train_314,train
VENMO PAYMENT TO STEVEN MOORE,Transfer,bulk_transfer_debit_train_315,train
CASH APP PAYMENT TO CHARLES PATEL,Transfer,bulk_transfer_debit_train_316,train
BANK OF AMERICA IFI DDA TO DDA OAG5DK0V WEB ID: 3O41OQJ6E4,Transfer,bulk_transfer_credit_train_317,train
BMO HARRIS DDA TO DDA YK3BMGKUE1 PPD ID: 4810676053,Transfer,bulk_transfer_credit_train_318,train
PAYPAL INST XFER SYNCHRONY WEB ID: PAYPALSI81,Transfer,bulk_transfer_debit_train_319,train
ZIP PAY INSTALLMENT WEB ID: LYJ5P3D6,Transfer,bulk_transfer_debit_validation_0,validation
KLARNA INSTALLMENT WEB ID: VE58TNG6,Transfer,bulk_transfer_debit_validation_1,validation
Zelle payment to JENNIFER GONZALEZ ATLANTA GA 33868376038,Transfer,bulk_transfer_debit_validation_2,validation
ATM WITHDRAWAL - 258 MARKET ST RALEIGH NC,Transfer,bulk_transfer_debit_validation_3,validation
CASH APP PAYMENT TO RICHARD GONZALEZ,Transfer,bulk_transfer_debit_validation_4,validation
PNC BANK IFI DDA TO DDA R7PEWY64 WEB ID: INTFITRVOS,Transfer,bulk_transfer_credit_validation_5,validation
Paypal Payment To Richard Patel,Transfer,bulk_transfer_debit_validation_6,validation
tradestation payments 244111317259568 web id: 26711073,Transfer,bulk_transfer_debit_validation_7,validation
Paypal Payment To Lisa Moore,Transfer,bulk_transfer_debit_validation_8,validation
MERRILL LYNCH BROKERAGE TRANSFER,Transfer,bulk_transfer_credit_validation_9,validation
CASH APP PAYMENT TO ANDREW THOMPSON,Transfer,bulk_transfer_debit_validation_10,validation
VENMO PAYMENT TO ROBERT THOMPSON,Transfer,bulk_transfer_debit_validation_11,validation
VENMO PAYMENT TO PAUL JACKSON,Transfer,bulk_transfer_debit_validation_12,validation
tradestation payments 473440495707900 web id: 23691715,Transfer,bulk_transfer_debit_validation_13,validation
Fidelity Ach Transfer,Transfer,bulk_transfer_debit_validation_14,validation
PAYPAL INST XFER CITI AUTOPAY WEB ID: PAYPALSI18,Transfer,bulk_transfer_debit_validation_15,validation
PAYPAL INST XFER PAYPAL_CREDIT_C WEB ID: PAYPALSI67,Transfer,bulk_transfer_credit_validation_16,validation
Online Transfer 73801587399 from Brokerage ...5176 transaction#: 7353779,Transfer,bulk_transfer_credit_validation_17,validation
NEARSIDE TRANSFER,Transfer,bulk_transfer_credit_validation_18,validation
MANUAL DB-BKRG 50/85,Transfer,bulk_transfer_credit_validation_19,validation
Cash App Payment To Patricia Wilson,Transfer,bulk_transfer_debit_validation_20,validation
MANUAL DB-BKRG 39/47,Transfer,bulk_transfer_debit_validation_21,validation
SVB IFI DDA TO DDA GTEWZF1X WEB ID: Y6KGFELEG8,Transfer,bulk_transfer_debit_validation_22,validation
CASH APP PAYMENT TO DONNA RODRIGUEZ,Transfer,bulk_transfer_debit_validation_23,validation
PAYPAL PAYMENT TO PAUL THOMPSON,Transfer,bulk_transfer_debit_validation_24,validation
PAYPAL INST XFER WEB ID: PAYPALSI25,Transfer,bulk_transfer_debit_validation_25,validation
manual db-bkrg 95/83,Transfer,bulk_transfer_credit_validation_26,validation
PAYPAL INST XFER CITI AUTOPAY WEB ID: PAYPALSI34,Transfer,bulk_transfer_debit_validation_27,validation
CASH APP PAYMENT TO DONALD THOMPSON,Transfer,bulk_transfer_debit_validation_28,validation
VENMO PAYMENT TO ANDREW DAVIS,Transfer,bulk_transfer_debit_validation_29,validation
CASH APP PAYMENT TO CHRISTOPHER SMITH,Transfer,bulk_transfer_debit_validation_30,validation
PREAUTHORIZED DEPOSIT FROM KEYBANK,Transfer,bulk_transfer_credit_validation_31,validation
Zelle payment to MARGARET GONZALEZ DALLAS TX 54789167911,Transfer,bulk_transfer_debit_validation_32,validation
CASH APP PAYMENT TO MARY TAYLOR,Transfer,bulk_transfer_debit_validation_33,validation
VENMO PAYMENT TO DONNA PARK,Transfer,bulk_transfer_debit_validation_34,validation
REGIONS BANK IFI DDA TO DDA 13AM8M0I WEB ID: INTFITRVOS,Transfer,bulk_transfer_credit_validation_35,validation
PAYPAL INST XFER PAYPAL_CREDIT_C WEB ID: PAYPALSI90,Transfer,bulk_transfer_credit_validation_36,validation
PAYPAL INST XFER CITI AUTOPAY WEB ID: PAYPALSI30,Transfer,bulk_transfer_debit_validation_37,validation
Online Transfer 06142199193 to Brokerage #######5763 transaction #: 2966958,Transfer,bulk_transfer_debit_validation_38,validation
TRADESTATION PAYMENTS 126360959118714 WEB ID: 71017154,Transfer,bulk_transfer_debit_validation_39,validation
KEYBANK DDA TO DDA RXT10I1V9N PPD ID: 6452730709,Transfer,bulk_transfer_credit_test_0,test
PAYPAL INST XFER WEB ID: PAYPALSI18,Transfer,bulk_transfer_credit_test_1,test
Zelle payment to BETTY WALKER PORTLAND OR 72516746888,Transfer,bulk_transfer_debit_test_2,test
FIRST REPUBLIC XFER DDA TO DDADDO8A2WL WEB ID: T5LB0D9CD5,Transfer,bulk_transfer_debit_test_3,test
MANUAL DB-BKRG 18/02,Transfer,bulk_transfer_credit_test_4,test
Online Transfer 63549336864 to MyBusiness-ARC ########5956 transaction #: 0416407,Transfer,bulk_transfer_debit_test_5,test
PAYPAL INST XFER CAPITAL ONE AUTOPAYWEB ID: PAYPALSI92,Transfer,bulk_transfer_credit_test_6,test
Online Transfer 41235814191 to Checking #######6850 transaction #: 9145863,Transfer,bulk_transfer_credit_test_7,test
M&T BANK DDA TO DDA REFCODE YZOVEC6E WEB ID: XZH2CQLD4I,Transfer,bulk_transfer_debit_test_8,test
Online Transfer 49558127889 to DoDataThings-MEOW ########4550 transaction #: 9472168,Transfer,bulk_transfer_debit_test_9,test
CASH APP PAYMENT TO JOSHUA WILSON,Transfer,bulk_transfer_debit_test_10,test
Online Transfer 31732709633 from DoDataThings-MEOW ########0416 transaction#: 5009799,Transfer,bulk_transfer_debit_test_11,test
VENMO PAYMENT TO ASHLEY SMITH,Transfer,bulk_transfer_debit_test_12,test
Online Transfer 50582334238 to Savings #######1015 transaction #: 2015829,Transfer,bulk_transfer_credit_test_13,test
PAYPAL PAYMENT TO NANCY ANDERSON,Transfer,bulk_transfer_debit_test_14,test
PAYPAL INST XFER CAPITAL ONE AUTOPAYWEB ID: PAYPALSI69,Transfer,bulk_transfer_credit_test_15,test
PAYPAL INST XFER WEB ID: PAYPALSI57,Transfer,bulk_transfer_credit_test_16,test
Zelle payment to CHRISTOPHER TAYLOR OAKLAND CA 97348355684,Transfer,bulk_transfer_debit_test_17,test
PAYPAL INST XFER DISCOVER AUTOPAYWEB ID: PAYPALSI06,Transfer,bulk_transfer_credit_test_18,test
KEYBANK DDA TO DDA 7D33BHBIHY PPD ID: 8752262611,Transfer,bulk_transfer_debit_test_19,test
DEPOSIT FROM SVB EXT TRNSFR,Transfer,bulk_transfer_debit_test_20,test
PAYPAL INST XFER WEB ID: PAYPALSI73,Transfer,bulk_transfer_debit_test_21,test
ATM WITHDRAWAL - 4638 MARKET ST LOS ANGELES CA,Transfer,bulk_transfer_debit_test_22,test
PAYPAL INST XFER AMEX AUTOPAY WEB ID: PAYPALSI12,Transfer,bulk_transfer_debit_test_23,test
Zelle payment to NANCY HARRIS TAMPA FL 88525995336,Transfer,bulk_transfer_debit_test_24,test
M&T BANK DDA TO DDA CBS60ZTFEJ PPD ID: 5296741960,Transfer,bulk_transfer_debit_test_25,test
BANK OF AMERICA IFI DDA TO DDA KPGK87IF WEB ID: INTFITRVOS,Transfer,bulk_transfer_credit_test_26,test
Cash App Payment To Matthew Park,Transfer,bulk_transfer_debit_test_27,test
TRADESTATION PAYMENTS 494011325969044 WEB ID: 78127888,Transfer,bulk_transfer_debit_test_28,test
CASH APP PAYMENT TO MATTHEW SHAH,Transfer,bulk_transfer_debit_test_29,test
Online Transfer 48769109714 from MyBusiness-FOUND ########6779 transaction#: 9462291,Transfer,bulk_transfer_debit_test_30,test
ZIONS BANK XFER DDA TO DDAIXBHL2F3 WEB ID: LY7DV0HNFO,Transfer,bulk_transfer_debit_test_31,test
ATM WITHDRAWAL - 3945 MARKET ST PORTLAND OR,Transfer,bulk_transfer_debit_test_32,test
CAPITAL ONE IFI DDA TO DDA 1RW8CT1V WEB ID: O5T27Y3AIV,Transfer,bulk_transfer_credit_test_33,test
Online Transfer 02383722445 to Checking #######3166 transaction #: 6522031,Transfer,bulk_transfer_credit_test_34,test
FIRSTRADE BROKERAGE TRANSFER,Transfer,bulk_transfer_credit_test_35,test
PAYPAL INST XFER CHASE CREDIT CRD AUTOPAYWEB ID: PAYPALSI08,Transfer,bulk_transfer_credit_test_36,test
Online Transfer 84245368475 to Brokerage #######2149 transaction #: 9996168,Transfer,bulk_transfer_debit_test_37,test
GEMINI MONEYLINK PPD ID: 985059912,Transfer,bulk_transfer_debit_test_38,test
MANUAL DB-BKRG 05/48,Transfer,bulk_transfer_credit_test_39,test
